﻿<?xml version='1.0' encoding='UTF-8' ?>
<data>
    <pageText id="title"><![CDATA[Cross-Sector Cybersecurity Working Group]]></pageText>
	<pageText id="content"><![CDATA[<p>At Mary&apos;s suggestion, Jack next decides to assess the cross-sector cybersecurity initiatives undertaken by the Department of Homeland Security. In 2007, DHS established a Cross-Sector Cyber Security Working Group (CSCSWG) with the objective<br>of fostering and developing national preparedness and encouraging the exploration of risk-related interdependencies across public and private critical infrastructure sectors.</p><p>According to CSCSWG&apos;s 2009 National Infrastructure Protection Plan (NIPP),</p><p>Key activities needed to enhance CIKR [critical infrastructure/key resources] protection and resiliency over the long term include:</p><ul>
	<li>Building national awareness to support the CIKR  protection program and related investments by ensuring a focused understanding of the all-hazards risk environment and what is being done to protect and enable the timely restoration of the Nation&apos;s CIKR in light of such threats</li>
	<li>Enabling education, training, and exercise programs to ensure that skilled and knowledgeable professionals and experienced organizations are able to undertake NIPP-related responsibilities in the future;</li>
	<li>Conducting R&amp;D [research and development] and using technology to improve protective capabilities or resiliency strategies or to lower the costs of existing capabilities so that CIKR partners can afford to do more with limited budgets;</li>
	<li>Developing, protecting, and maintaining data systems and simulations to enable continuously refined risk assessment within and across sectors and to ensure preparedness for domestic incident management; </li>
	<li>Continuously improving the NIPP and associated plans and programs through ongoing management and revision, as required (DHS, 2009, p. 81).</li>
	</ul>
	<p class="reference">Reference: U.S. Department of Homeland Security (DHS). (2009). <I>National Infrastructure Protection Plan: Partnering to enhance protection and resiliency</I>. Retrieved from http://www.dhs.gov/xlibrary/assets/NIPP_Plan.pdf</p>]]></pageText>

	<pageText id="i_text_process"><![CDATA[Select the thumbnail to learn more.]]></pageText>
	<pageText id="i_text_what_next"><![CDATA[Select the What Next button to learn more.]]></pageText>
	<pageText id="what_next_popup"><![CDATA[Select the What Next button to learn more.]]></pageText>
	<component type="ClickAndReveal" componentID="comp_1" class="cnr-btn" popupConfigID="popup_close"></component>
</data>