﻿<?xml version="1.0" encoding="utf-8" standalone="yes"?>
<data>
	<pageText id="txt_title_1"><![CDATA[Smart Grid Cyber Security Working Group<br>]]></pageText>
	<pageText id="txt_itext"><![CDATA[Select the thumbnail to learn more.]]></pageText>
	 
	<pageText id="txt_Popup1"><![CDATA[<b>NIST Smart Grid Framework 1.0<br><br></b><div class="scrolldiv">While current Smart Grid developments have occurred at the national level for each country that has joined in this effort, NIST has foreseen the need for coordinated and harmonized international standards. These standards are developed with the intent of yielding broader export potential for Smart Grid products, as well as related cost efficiencies for Smart Grid product manufacturers. To encourage coordination among the stakeholders, NIST has encouraged bilateral and multilateral engagements in this area. Canada, Mexico, Brazil, the European Union, Japan, South Korea, Australia, India, and China have already committed to cooperation on the Smart Grid (DOC, 2010).<br><br>Results from this international coordination effort are already apparent, as demonstrated by an announcement from Honeywell, which will be assisting China's State Grid Electric Power Research Institute to create the country's first power demand response project. This initiative will focus on reducing the negative effects of power peak loads (Honeywell, 2012). Honeywell has also been selected to conduct an automated demand response pilot project in Europe (SmartGridNews, 2011).<br><br><span class="reference">References:<br>Honeywell International Inc. (Honeywell). (2012, January 5). Honeywell and TEDA launch China's first demand response project under United States-China Smart Grid cooperative. [Press release]. Retrieved from http://honeywell.com/News/Pages/Honeywell-And-TEDA-Launch-China%E2%80%99s-First-Demand-Response-Project-Under-United-States-China-Smart-Grid-Cooperative.aspx<br><br>SmartGridNews. (2011, October 6). Honeywell tapped for Europe's first commercial and industrial automated DR pilot. Retrieved from http://www.smartgridnews.com/artman/publish/Technologies_Demand_Response/Honeywell-tapped-for-Europe-s-first-commercial-and-industrial-automated-DR-pilot-4059.html<br><br>U.S. Department of Commerce (DOC). (2010, July 20). Smart Grid: Domestic and international partnerships and programs. [Presentation by Shannon Fraser, Office of Energy and Environmental Industries, International Trade Administration]. Retrieved from http://www.nist.gov/smartgrid/upload/South_Korea_Smart_Grid_July_20_2010.pdf</span><br><br></div> ]]></pageText>
	<pageText id="reftext"><![CDATA[<span class="reference">Source: Based on NIST, 2010.<br><br>Reference: National Institute of Standards and Technology (NIST). (2010, December 23). NIST & the Smart Grid. Retrieved from http://www.nist.gov/smartgrid/nistandsmartgrid.cfm</span><br>]]></pageText>
	 
	<pageText id="front_text"><![CDATA[The Energy Independence and Security Act of 2007 directed the National Institute of Standards and Technology (NIST) to coordinate the development of a Smart Grid. The act specified characteristics of the Smart Grid, including: <br><br>
		<ol>
		<li>Increased use of digital information and controls technology to improve reliability, security, and efficiency of the electric grid.</li><br>
		<li>Dynamic optimization of grid operations and resources, with full cyber-security.</li><br>
		<li>Deployment and integration of distributed resources and generation, including renewable resources (Energy Independence and Security Act of 2007, §1301(1)-(3)).</li><br>
		</ol><br>
			<span class="reference">Reference: Energy Independence and Security Act of 2007, Pub. L. 110-140, §1301 (1)-(3), 121 Stat. 1784 (2007). Retrieved from http://www.gpo.gov/fdsys/pkg/PLAW-110publ140/pdf/PLAW-110publ140.pdf<br><br>The White House also reinforced the need for the Smart Grid effort in its 2009 Cyberspace Policy Review:<br><br></span>
			<div class="m1">… as the United States deploys new Smart Grid technology, the Federal government must ensure that security standards are developed and adopted to avoid creating unexpected opportunities for adversaries to penetrate these systems or conduct large-scale attacks (The White House, 2009, p. 29).<br></div>
			
			<br><br><span class="reference">Reference: The White House. (2009, May). Cyberspace policy review: Assuring a trusted and resilient information and communications infrastructure. Retrieved from http://www.whitehouse.gov/assets/documents/Cyberspace_Policy_Review_final.pdf<br><br>In order to accomplish its mission in this area, NIST formed the Cyber Security Working Group (CSWG). This group is made up of experts from both the public and private sectors, and it is tasked with providing recommendations for new standards to support interoperability within the Smart Grid. This diagram represents the elements and stakeholders of NIST's Smart Grid framework. <br><br></span>
			
		]]></pageText>
	
	
	<component type="ClickAndReveal" componentID="comp_1" class="cnr-btn" popupConfigID=""></component>
 
</data>