﻿<?xml version="1.0" encoding="utf-8" standalone="yes"?>
<data>
	 
	 <pageText id="txt_title_1"><![CDATA[Summary (1 of 2)]]></pageText>
 	<pageText id="txt_1"><![CDATA[We have come to the end of Module 5. The key concepts covered in this module are listed below.<br><br>
 		<ul>
 			<li>When developing a cybersecurity program that involves other organizations, such as the Department of Defense (DoD) and the Department of Homeland Security (DHS), it is important to consider relevant regulations and the best practices of these organizations.</li><br>
 			<li>Existing international cybersecurity programs operated by DoD and DHS should be considered when an organization has to garner U.S. government support for collaboration with foreign organizations.</li><br>
 			<li>DoD's multinational cybersecurity programs include the Five Eyes program and bilateral Mutual Legal Assistance Treaties (MLATs). In the private sector, the Global Business Dialogue on e-Society (GBDe) group is one of the organizations that studies international cybersecurity issues.</li><br>
 			<li>If an organization's cybersecurity program involves the private sector, the organization should study successful cybersecurity programs already in existence in private industry.</li><br>
 			  
 		</ul>
 		]]></pageText>
   
   
</data>