﻿<?xml version="1.0" encoding="utf-8" standalone="yes"?>
<data>
	 
	 <pageText id="txt_title_1"><![CDATA[Summary (2 of 2)]]></pageText>
 	<pageText id="txt_1"><![CDATA[This module also covered the following concepts.<br><br>
 		<ul>
 			<li> Private-sector cybersecurity programs include Microsoft's Internet safety and anti-piracy initiatives, Symantec's efforts to collocate with the National Cyber-Forensics & Training Alliance (NCFTA), and Intel's cybersecurity strategy.</li><br>
 			<li>Multisector and cross-sector cybersecurity programs include those employed by the Cross-Sector Cyber Security Working Group (CSCSWG) and the Smart Grid Cyber Security Working Group (CSWG).</li><br>
 			<li>Cybersecurity awareness and education programs worth considering include those sponsored by the National Cyber Security Alliance; DHS's Stop.Think.Connect. campaign; child awareness programs in the K-12 sector; and the FTC's identity theft awareness programs.</li><br>
 			 			  
 		</ul>
 		]]></pageText>
   
 
</data>