<?xml version="1.0"?>
<!-- edited with XMLSPY v5 rel. 4 U (http://www.xmlspy.com) by Tata Interactive Systems (Tata Interactive Systems) -->
<manifest identifier="CableDisconnections" version="1.2" xmlns="http://www.imsproject.org/xsd/imscp_rootv1p1p2" xmlns:adlcp="http://www.adlnet.org/xsd/adlcp_rootv1p2" xmlns:xsi="http://www.w3.org/2001/XMLSchema-instance" xsi:schemaLocation="http://www.imsproject.org/xsd/imscp_rootv1p1p2 imscp_rootv1p1p2.xsd http://www.imsglobal.org/xsd/imsmd_rootv1p2p1 imsmd_rootv1p2p1.xsd http://www.adlnet.org/xsd/adlcp_rootv1p2 adlcp_rootv1p2.xsd">
	<metadata>
		<schema>IMS Content</schema>
		<schemaversion>1.2</schemaversion>
		<record xmlns="http://www.imsglobal.org/xsd/imsmd_rootv1p2p1">
			<general>
				<title>
					<langstring xml:lang="en">CSEC 635 APPLYING CYBER POLICY TO LAW – VULNERABILITY DISCLOSURE ANALYSIS</langstring>
				</title>
				<description>
					<langstring xml:lang="en">CSEC 635 APPLYING CYBER POLICY TO LAW – VULNERABILITY DISCLOSURE ANALYSIS</langstring>
				</description>
				<keywords>
					<langstring xml:lang="en">CSEC 635 APPLYING CYBER POLICY TO LAW – VULNERABILITY DISCLOSURE ANALYSIS</langstring>
				</keywords>
			</general>
		</record>
	</metadata>
	<organizations default="VCRS5">
		<organization identifier="VCRS5" structure="hierarchical">
			<title>CSEC 640 MONITORING, AUDITING, INTRUSION DETECTION, INTRUSION PREVENTION, AND PENETRATION TESTING<br> - APPLYING CYBER POLICY TO LAW – </title>
			<item identifier="VS005" isvisible="true" identifierref="V_S005">
				<title>CSEC 635APPLYING CYBER POLICY TO LAW – VULNERABILITY DISCLOSURE ANALYSIS</title>
			</item>
		</organization>
	</organizations>
	<resources>
		<resource identifier="V_S005" type="webcontent" adlcp:scormtype="sco" href="launch.html">
		</resource>
	</resources>
</manifest>
