﻿<?xml version="1.0" encoding="utf-8" standalone="yes"?>
<data>
	<pageText id="txt_title_1"><![CDATA[The Programs <br>]]></pageText>
	<pageText id="txt_1"><![CDATA[<span class="i-text">Select each label to learn more. </span><br>]]></pageText>
	
	
	<pageText id="imglabel1"><![CDATA[<b>Introduction</b>]]></pageText>
	<pageText id="imglabel2"><![CDATA[<b>Microsoft Education <br>Programs</b> ]]></pageText>
	<pageText id="imglabel3"><![CDATA[<b>The Stop.Think.<br>Connect. Campaign </b>]]></pageText>
	<pageText id="imglabel4"><![CDATA[<b>Awareness Programs<br> for K-12 Students </b> ]]></pageText>
	<pageText id="imglabel5"><![CDATA[<b>FTC Identity Theft <br>Awareness Programs </b> ]]></pageText>
	 
	
	<pageText id="head1"><![CDATA[Introduction]]></pageText>
	<pageText id="head2"><![CDATA[Microsoft Education Programs]]></pageText>
	<pageText id="head3"><![CDATA[The Stop.Think.Connect. Campaign ]]></pageText>
	<pageText id="head4"><![CDATA[Awareness Programs for K-12 Students ]]></pageText>
	<pageText id="head5"><![CDATA[FTC Identity Theft Awareness Programs ]]></pageText>
	 
	
	
	
	<pageText id="txt_Popup1"><![CDATA[After having assessed numerous alliances and partnerships formed to increase and share the technical knowledge required to mitigate current and future cyberthreats, Jack moves on to looking into cybersecurity public awareness and education programs. He decides to examine the following programs:<br><br>
		<ul>
			<li>Microsoft education programs</li><br>
			<li>The Stop.Think.Connect. campaign</li><br>
			<li>Awareness programs for K-12 students</li><br>
			<li>Federal Trade Commission identity theft awareness programs</li><br>
		</ul>
		]]></pageText>
	<pageText id="txt_Popup2"><![CDATA[Microsoft sponsors many consumer-oriented educational Web sites. Sites such as Staysafe.org have been subsumed under the Microsoft Safety & Security Center Web portal. The Safety & Security Center has various areas of interest to consumers. It offers information on computer security, as well as online privacy and safety. It also provides educational resources related to cybersecurity by providing direction on how to become a successful Microsoft digital citizen. This resource provides free educational materials that can be used to teach others how to stay safe online. <br><br>Microsoft also co-sponsors the GetNetWise education portal initiative. This portal was launched in 2007 by a coalition of technology, media, commercial, and nonprofit organizations for the purpose of educating parents and children about the importance of online safety (Project Online Safety, 2007). Its most recent project was to develop a digital safety and security advice application for Android smartphones and tablets (GetNetWise, 2011). <br><br><span class="reference">References: <br>GetNetWise. (2011, January 31). Download 1st-ever digital safety app for your smartphone. Retrieved from http://www.getnetwise.org/blog/2011/01/31/download-1st-ever-digital-safety-app-for-your-smartphone/<br><br>Project Online Safety. (2007, February 7). Major technology and media organizations, non-profits launch Project Online Safety: Educational campaign to promote Internet safety via online portal, PSAs. [Press release]. Retrieved from GetNetWise.org Web Site: http://www.getnetwise.org/press/POS-release.pdf</span><br>]]></pageText>
	<pageText id="txt_Popup3"><![CDATA[The Department of Homeland Security has launched a national public awareness effort to educate the American public about online security. Stop.Think.Connect. views Internet safety as a responsibility that is shared among all participants. DHS has partnered with various private organizations, including the Young Women's Christian Association (YWCA), to assist in delivering its cybersecurity message and in promoting October as National Cyber Security Awareness Month (DHS, 2011b). DHS sponsors the Awareness Month campaign in cooperation with the National Cyber Security Alliance (NCSA) and the Multi-State Information Sharing and Analysis Center (MS-ISAC) (DHS, 2011c). The DHS Web site also offers additional educational materials on the campaign and cybersecurity in general, as well as other ways for individuals and organizations to get involved. As of June 2011, 8,000 individuals have joined with Stop.Think.Connect. as Friends of the Campaign and have hosted Cyber Citizen Forums nationwide (DHS, 2001a).<br><br><span class="reference">References:<br>U.S. Department of Homeland Security (DHS). (2011, June 1). Campaign launches Just One initiative. Retrieved from http://www.dhs.gov/files/events/stop-think-connect-news.shtm#9<br><br>U.S. Department of Homeland Security (DHS). (2011, October 12). Secretary Napolitano announces Stop.Think.Connect. campaign partnership with the YWCA. [Press release]. Retrieved from http://www.dhs.gov/ynews/releases/20111012-stop-think-connect-and-ywca.shtm<br><br>U.S. Department of Homeland Security (DHS). (2011, October 27). National Cyber Security Awareness Month. Retrieved from http://www.dhs.gov/files/programs/gc_1158611596104.shtm</span><br>]]></pageText>
	<pageText id="txt_Popup4"><![CDATA[DHS partnered with public and private organizations to establish the National Cyber Security Alliance (NCSA) in 2001. This nonprofit organization focuses on promoting cybersecurity awareness to consumers, small- and medium-size businesses, and students in grades K-12 (NCSA, n.d.-a). <br><br>The NCSA recommends education programs in cybersecurity, cybersafety, and cyberethics. These educational programs include:<br>
		<ul>
			<li>The C-SAVE (Cyber Security Awareness Volunteer Education) program, which provides teaching materials and enlists the support of volunteer educators</li><br>
			<li>National K-12 studies that evaluate the state of cybersecurity training in U.S. schools</li><br>
		 </ul>
		 According to the NCSA, the results of the 2011 study indicated "that young people still are not receiving adequate training and that teachers are ill-prepared to teach the subjects due, in large part, to lack of professional development" (NCSA, n.d.-b). <br><br><span class="reference">References:<br>National Cyber Security Alliance (NCSA). (n.d.). National Cyber Security Alliance in brief. Retrieved from White House Web site: http://www.whitehouse.gov/files/documents/cyber/National%20Cyber%20Security%20 Alliance%20in%20Brief%203%209%2009.pdf<br><br>National Cyber Security Alliance (NCSA). (n.d.). NCSA's national K-12 studies. Retrieved from http://www.staysafeonline.org/in-the-classroom/ncsa%E2%80%99s-national-k-12-studies</span><br>
		]]></pageText>
	<pageText id="txt_Popup5"><![CDATA[In order to address consumer concerns regarding the issues of cybersecurity and identify theft, and to address the burden these issues place on the U.S. financial system, the White House established the President's Identity Theft Task Force in 2006. This task force has marshaled the resources of many federal agencies. To support the goals of the task force's strategic plan, the Federal Trade Commission (FTC) focused its efforts in the areas of law enforcement, education, and government safeguards (President's Task Force on Identity Theft, n.d.). <br><br>Among its accomplishments, the FTC has issued recommendations on the use of Social Security numbers in the private sector; created an identity theft information resources Web site; and produced various educational and awareness materials for businesses, consumers, and military personnel. The commission's Bureau of Consumer Protection is responsible for collecting consumer complaints about identity theft through a victim assistance call center. The bureau turns these complaints over to law enforcement agencies (FTC BCP, 2007). The FTC has also published its Identify Theft Victims' Statement of Rights to assist identity theft victims in dealing with the numerous factors that can complicate the resolution of identity theft (FTC BCP, n.d.-b). On the regulation front, the FTC required financial institutions and creditors to implement written identify theft prevention programs (FTC BCP, n.d.-a).<br><br><span class="reference">References: <br>Federal Trade Commission, Bureau of Consumer Protection (FTC BCP). (n.d.). Fighting fraud with the Red Flags Rule. Retrieved from http://www.ftc.gov/bcp/edu/microsites/redflagsrule/index.shtml<br><br>Federal Trade Commission, Bureau of Consumer Protection (FTC BCP). (n.d.). Identity Theft Victims' Statement of Rights. Retrieved from http://www.ftc.gov/bcp/edu/microsites/idtheft/consumers/rights.html<br><br>Federal Trade Commission, Bureau of Consumer Protection (FTC BCP). (2007, October 23). Division of Privacy and Identity Protection. Retrieved from http://www.ftc.gov/bcp/bcppip.shtm<br><br>President's Identity Theft Task Force. (n.d.). About the task force. Retrieved from http://www.idtheft.gov/about.html</span><br>]]></pageText>
	 
 
 
 
	<component type="ClickAndReveal" componentID="comp_1" class="cnr-btn" popupConfigID="" defaultTabIndex="0"></component>
	 
</data>