﻿<?xml version="1.0" encoding="utf-8" standalone="yes"?>
<data>
	<pageText id="txt_title_1"><![CDATA[Jack's Update 4]]></pageText>
	<pageText id="txt_1"><![CDATA[Select the e-mail icon to read the update. Then, answer a few questions by clicking the Activity button.<br>]]></pageText>
	
	  
	<pageText id="txt_Popup1"><![CDATA[From:<br>To:<br>Subject: <br><br><div class="nmvalue">Jack Snow<br>Mary Lewis<br>Cybersecurity Project—Project Wrap-Up <br><br></div><div class="divscrool">Hi Mary,<br><br>Due to the growth in Internet-based technologies—whether they are tablets, smartphones, gaming systems, or netbook computers—there is an important need for the public to be aware of and educated about cybersecurity threats. While we have taken a serious approach to this need here in our organization, we know there is always more that can be done.<br><br>Various organizations and government agencies have developed programs to spread the word about and address cyberthreats such as spoofing attacks, child pornography, fraud, and computer crime. However, I feel that there is more that should be done in this area.<br><br>Thank you very much for asking me to handle this project. I think I am now better-informed about today's cybersecurity landscape. I will now be able to develop an effective, all-encompassing cybersecurity program involving various state and nonstate partners. <br><br>Regards,Jack <br></div>]]></pageText>
	 
	<pageText id="txt_Popup2"><![CDATA[<br>Incremental deployment can incorporate the pilot rollout option and allow for a more deliberate rollout to the organization at large. The incremental rollout method is especially useful when a policy may still have flaws that could be damaging to the organization.<br>]]></pageText>
	
	<pageText id="activity_itext"><![CDATA[Select the correct option and click Submit.]]></pageText>
	
	<pageText id="activity_heading"><![CDATA[<b>Activity</b>]]></pageText>
	
	 <activity type="MCQ" questionId="MCQ_1" totalAttempts="1" correctAnswer="3" fbType="CORRECTINCORRECT" immediateFeedback="true" displayTickCross="true" class="radio-groups-container" showFeedbackPopup="true" scorable="false" tickCrossTrigger="submit" tickcrosstype="compact" hasResetBtn="false" trigger="MCQ_2" mandatory="false">
		<pageTexts>
			<pageText id="question_num">
				<![CDATA[1.]]>
			</pageText>
			<pageText id="question" class="question">
				<![CDATA[Which of the following areas is dealt with by a division of the Federal Trade Commission?]]>
			</pageText>
		</pageTexts>
	
		<optionGroup id="1" class="radio-container">
			<option id="1" class="radio" score="0" optionID="1">
				<pageText class="radio-label">
					<![CDATA[Antivirus software]]>
				</pageText>
				<feedback>
					<title />
					<content>
						<![CDATA[]]>
					</content>
				</feedback>
			</option>
			<option id="2" class="radio" score="0" optionID="2">
				<pageText class="radio-label">
					<![CDATA[Counterfeit currency]]>
				</pageText>
				<feedback>
					<title />
					<content>
						<![CDATA[]]>
					</content>
				</feedback>
			</option>
			<option id="3" class="radio" score="1" optionID="3">
				<pageText class="radio-label">
					<![CDATA[Identity theft]]>
				</pageText>
				<feedback>
					<title />
					<content>
						<![CDATA[]]>
					</content>
				</feedback>
			</option>
			<option id="4" class="radio" score="0" optionID="4">
				<pageText class="radio-label">
					<![CDATA[Child pornography]]>
				</pageText>
				<feedback>
					<title />
					<content>
						<![CDATA[]]>
					</content>
				</feedback>
			</option>
		</optionGroup>
		
		<feedbacks>
			<feedback fbType="INCORRECT" class="col7 row6 l4 t4">
				<title>
					<![CDATA[Not quite.]]>
				</title>
				<content>
					<![CDATA[<br>The FTC has a dedicated division that deals exclusively with identity theft.<br><br>Different organizations focus on the other cybersecurity challenges. For example, the FBI leads the country’s efforts against child pornography while the U.S. Secret Service deals with combating the forgery of U.S. currency.<br><br><span class="i-text">Select Close to proceed to the next question.</span> <br>]]>
				</content>
			</feedback>

			<feedback fbType="CORRECT" class="col7 row6 l4 t4">
				<title>
					<![CDATA[That’s correct.]]>
				</title>
				<content>
					<![CDATA[<br>The FTC has a dedicated division that deals exclusively with identity theft.<br><br>Different organizations focus on the other cybersecurity challenges. For example, the FBI leads the country’s efforts against child pornography while the U.S. Secret Service deals with combating the forgery of U.S. currency.<br><br><span class="i-text">Select Close to proceed to the next question.</span> <br><br>]]>
				</content>
			</feedback>
		</feedbacks>
	</activity>
	
   
   <activity type="MCQ" questionId="MCQ_2" totalAttempts="1" correctAnswer="3" fbType="CORRECTINCORRECT" immediateFeedback="true" displayTickCross="true" class="radio-groups-container" showFeedbackPopup="true" scorable="false" tickCrossTrigger="submit" tickcrosstype="compact" hasResetBtn="true" trigger="" mandatory="false">
		<pageTexts>
			<pageText id="question_num">
				<![CDATA[2.]]>
			</pageText>
			<pageText id="question" class="question">
				<![CDATA[Which group of students is it most important to educate about Internet safety and security?]]>
			</pageText>
		</pageTexts>
	
				<optionGroup id="1" class="radio-container">
			<option id="1" class="radio" score="0" optionID="1">
				<pageText class="radio-label">
					<![CDATA[Undergraduate students]]>
				</pageText>
				<feedback>
					<title />
					<content>
						<![CDATA[]]>
					</content>
				</feedback>
			</option>
			<option id="2" class="radio" score="0" optionID="2">
				<pageText class="radio-label">
					<![CDATA[Graduate students]]>
				</pageText>
				<feedback>
					<title />
					<content>
						<![CDATA[]]>
					</content>
				</feedback>
			</option>
			<option id="3" class="radio" score="1" optionID="3">
				<pageText class="radio-label">
					<![CDATA[K-12 students]]>
				</pageText>
				<feedback>
					<title />
					<content>
						<![CDATA[]]>
					</content>
				</feedback>
			</option>
			<option id="4" class="radio" score="0" optionID="4">
				<pageText class="radio-label">
					<![CDATA[None of the above]]>
				</pageText>
				<feedback>
					<title />
					<content>
						<![CDATA[]]>
					</content>
				</feedback>
			</option>
		</optionGroup>
		
		<feedbacks>
			<feedback fbType="INCORRECT" class="col6 row5 l4 t4">
				<title>
					<![CDATA[Not quite.]]>
				</title>
				<content>
					<![CDATA[<br>It is most important to educate students in grades K-12 about Internet safety and security. This is because the K-12 group represents the youngest age group that is also considered highly vulnerable to pedophiles, cyberstalking, cyberbullying, and other crimes.<br><br><span class="i-text">Select Restart Quiz to retry the activity.</span><br>]]>
				</content>
			</feedback>

			<feedback fbType="CORRECT" class="col6 row5 l4 t4">
				<title>
					<![CDATA[That’s correct.]]>
				</title>
				<content>
					<![CDATA[<br>It is most important to educate students in grades K-12 about Internet safety and security. This is because the K-12 group represents the youngest age group that is also considered highly vulnerable to pedophiles, cyberstalking, cyberbullying, and other crimes.<br><br><span class="i-text">Select Restart Quiz to retry the activity.</span><br>]]>
				</content>
			</feedback>
		</feedbacks>
	</activity>
	
	
	
	
	
	
	
	
	
	
	
	
	<component type="ClickAndReveal" componentID="comp_1" class="cnr-btn" popupConfigID=""></component>
 	<component type="ClickAndReveal" componentID="comp_2" class="cnr-btn" popupConfigID=""></component>
 	
</data>