<?xml version='1.0' encoding='UTF-8' ?>
<data>
   <pageText id="glossary-title"><![CDATA[Glossary]]></pageText>
		
		<pageText id="glossary-text"><![CDATA[
		 
		<p><span class="term-heading">Near Field Communication (NFC): </span> Near Field Communication (NFC) are used in wireless technology for contactless cards and mobile phones.</p>
		
		<p><span class="term-heading">Trustmark: </span>A trustmark is an agreed-upon participatory framework that facilitates cross-border e-commerce.</p>
		
		<p><span class="term-heading">Cyberethics: </span>Cyberethics are ethical rules for cyberspace that allow civil dialogue and usage.</p>
		
		<p><span class="term-heading">Smart Grid: </span>The Smart Grid is an electricity procurement and delivery system that uses sophisticated technology to make the electricity delivery grid more efficient.</p>
	
		 ]]></pageText>

</data>