<?xml version='1.0' encoding='UTF-8' ?>
<data>
	<pageText id="help_title"><![CDATA[Help]]></pageText>
	<pageText id="start_txt"><![CDATA[<strong>Welcom to the Course Module Help</strong><br><br>This section explains how to navigate the Course Module, what utilities are available to you, how the module is structured, what you can expect to do in the module, and what is expected of you as the user.]]></pageText>
	<pageText id="i_text" class="i-text"><![CDATA[Select Start to begin.]]></pageText>
	<pageText id="tab_itext" class="i-text"><![CDATA[Select each tab to learn more.]]></pageText>
	
	<pageText id="disclaimer_txt"><![CDATA[Most of the companies, organizations, products, domain names, e-mail addresses, logos, people, places, and events depicted in the course primers, tutorials, case studies and other materials are fictitious, and were developed for educational purposes to be used with this UMUC course. No association with any real company, organization, product, domain name, e-mail address, logo, person, places, or events is intended or should be inferred from the use of the fictitious names.]]></pageText>
	<pageText id="btn_Popup1"><![CDATA[Navigation]]></pageText>
	<pageText id="btn_Popup2"><![CDATA[Utilities]]></pageText>
	<pageText id="btn_Popup3"><![CDATA[Module Structure]]></pageText>
	<pageText id="btn_Popup4"><![CDATA[What You Can Expect]]></pageText>
	<pageText id="btn_Popup5"><![CDATA[What is Expected of You]]></pageText>
	<pageText id="txt_10"><![CDATA[The module offers two methods of navigation.]]></pageText>
	<pageText id="txt_11"><![CDATA[<ul><li>You may select a topic name in the module menu to jump to the first page of the topic.</li><li>You may use the next and back buttons</li></ul>]]></pageText>
	 <pageText id="txt_12"><![CDATA[and ]]></pageText>
	   <pageText id="txt_13"><![CDATA[to navigate to the next and previous screen.]]></pageText>
	    <pageText id="txt_14"><![CDATA[The Utilities toolbox at the bottom left of the screen lets you navigate to the features.]]></pageText>
	    <pageText id="txt_40"><![CDATA[Each Course Module follows the same structure:]]></pageText>
	      <pageText id="txt_42"><![CDATA[Each module supports the weekly textbook readings and conference interactions. The activities enable you to understand and apply concepts to work situations. You will participate in activities at regular intervals during the module to gauge your comprehension.  Typically, a module includes several types of screens:<br/> <ul><li>The Landing Page</li><li>The Scenario Screen</li><li>The Module Menu</li><li>The Instructional Screen </li><li>The Activity Screen</li><li>The Summary</li></ul>Review the descriptions for more information on each screen.]]></pageText>
		  
	        <pageText id="txt_97"><![CDATA[As a student in the Masters' program, you are expected to use the Course Module to supplement to your weekly readings.<br/>You are also expected to complete all the activities presented in the Course Module, including those that require independent research. <br/>Complex activities have no right or wrong answers. Therefore, the complex activities presented in the module may not include a detailed solution. You are expected to discuss your solution with your peers and the instructor to identify the best solution.<br/>Because this course is delivered online via distance learning, you will need to communicate with your peers and the instructor throughout the duration of the course.]]></pageText>
			
			
			<pageText id='txt_15'>
				<![CDATA[ Open the Help file]]>
			</pageText>
			<pageText id='txt_16'>
				<![CDATA[ Print the current screen]]>
			</pageText>
			<pageText id='txt_17'>
				<![CDATA[ Jump to the Landing Page of the current Module]]>
			</pageText>
			<pageText id='txt_18'>
				<![CDATA[  Jump to the Module  Menu or Scenario]]>
			</pageText>
			<pageText id='txt_19'>
				<![CDATA[  Open a PDF version of the  current Module]]>
			</pageText>
			<pageText id='txt_20'>
				<![CDATA[  View the Glossary of terms  for the current Module]]>
			</pageText>
			<pageText id='txt_21'>
				<![CDATA[ <strong>Glossary</strong><br><br>Glossary contains a list of key terms and their definitions covered in the module. These terms appear in alphabetical order. You can use the scroll bar to view the complete list of items. ]]>
			</pageText>
		
	
			<pageText id='txt_43'>
				<![CDATA[ <strong>Landing Page</strong> <br/><br/> The landing page is the first screen of the module,  and leads to the scenario that illustrates the concepts covered in the module.]]>
			</pageText>
			<pageText id='txt_44'>
				<![CDATA[ <strong>Scenario Screen</strong> <br/><br/> The scenario screen previews the issues and provides an example that applies to the concepts  covered in the module. Select different elements to  review the sequence of events in the scenario. After you have reviewed the scenario, advance to the module by selecting the <strong>Skip to the Module</strong> button. ]]>
			</pageText>
			<pageText id='txt_45'>
				<![CDATA[ <strong>Module Menu</strong> <br/><br/>The module menu lists the topics covered in the  module. You can navigate to the first page of each  topic by selecting the topic name. As you navigate  through the module, explore every interactive  element on each screen so that the screen is marked  as complete. The list of topics on the Menu screen  also indicates the completion status as Not Started,  Started, or Completed. ]]>
			</pageText>
			<pageText id='txt_46'>
				<![CDATA[ <strong>Module Introduction</strong> <br/><br/>The module introduction is a brief overview of the  entire module.<br/><br/><strong>Topics</strong> <br/><br/> Each module includes several topics. The topics  provide the study materials. Each topic has  instructional screens. Some topics may also includeactivity screens.<br><br><strong>Instructional Screens</strong><br/><br/> Instructional screens explain concepts through  definitions, examples, illustrations, and media. Most  instructional screens in the module include simple  interactions. A few may have more complex interactions. ]]>
			</pageText>
			<pageText id='txt_47'>
				<![CDATA[ <strong>Instructional Screen with Simple Interactivity</strong> <br/><br/>Most screeens have additional information available.You can click or roll our mouse pointer over certain elements to reveal pop-up boxes or screens with information related to the topic.]]>
			</pageText>
			<pageText id='txt_48'>
				<![CDATA[ <strong>The Reflect Button</strong> <br/><br/>You will find the Reflect button on some  instructional screens. Select this button to view discussion questions related to the current topic.<br/> Please research and answer the questions. Your  instructor will explain how to submit your answers.]]>
			</pageText>
			<pageText id='txt_49'>
				<![CDATA[ <strong>Animation Controller Button</strong> <br/><br/>All animations and videos have a Play and a Replay button. Select the Play button to begin the animation. The Replay button appears when the animation is complete.Select the Replay button to  restart the animation.]]>
			</pageText>
			<pageText id='txt_50'>
				<![CDATA[ <strong>Instructional Screen with Complex Interactivity</strong> <br/><br/>Some screens require a higher level of interaction. For example, you may be directed to select buttons  or flowchart elements, view media, type in your answers to questions, or revisit the scenario to gain  background information.<br/> The questions asked in the Course Module are to help you relate the material covered in the module to  work situations. Your answers are not recorded.]]>
			</pageText>
			<pageText id='txt_51'>
				<![CDATA[ <strong>Activities</strong> <br/><br/>Each module includes several activities to test your comprehension of the concepts.You will find a mix of simple and complex activities.<br><br><strong>Simple Activities</strong><br/><br/> Simple activities include multiple choice questions,  matching or sequencing activities, and drag and drop activities. Generally, simple activities will take  between 3 and 5 minutes to complete.]]>
			</pageText>
			<pageText id='txt_52'>
				<![CDATA[ <strong>Template for multiple Choice Questions </strong> <br/><br/>After you select an option from the list, the Submit and Try Again buttons are enabled and you cansubmit the activity or try it again. The feedback for the selected options is displayed as  as soon as the Submit button is selected. The correctoptions are marked with a tick and the incorrect ones with a cross. The Submit and Tru Again buttons  appear disabled when feedback pop-up is shown. The buttons are enabled again when the feedback pop-up is closed.]]>
			</pageText>
			<pageText id='txt_53'>
				<![CDATA[ <strong>Template for Drag and Drop </strong> <br/><br/>In a drag and drop activity, you drag the options anddrop them into the appropriate boxes. After all the options have been dropped, the Submit and Try Again buttons are enabled. Select Submit to complete the activity. The Try Again button has dualfunctionality.Before the Submit button is clicked, the  Try Again button works as a Reset button, that is, you  can clear all the selections on the screen. After the  Submit button is clicked, however, select the Try Again button to reattempt the activity.]]>
			</pageText>
			<pageText id='txt_54'>
				<![CDATA[ <strong>Quiz</strong> <br/><br/>A Quiz contains a series of questions. After you have answered all the questions in the quiz, the Restart Quiz button appears. Select Restart Quiz to try the entire quiz again. Note that quizzes do not include a Try Again button. An indicator at the bottom of the  screen tells you how many questions the quiz contains.]]>
			</pageText>
			<pageText id='txt_55'>
				<![CDATA[ <strong>Complex Activities</strong> <br/><br/> Complex activities require you to apply theoretical knowledge to resolve an issue. You will be given documents, network diagrams, and other relevant materials. In addition, you will complete a series of steps to accomplish the task. Complex activities usually take between 10 to 15 minutes to complete. Since complex activities have no right or wrong answers,  the feedback you receive will not be graded. A typical complex activity follows four steps: Introduction, Workspace, Review, and Further Challenges.]]>
			</pageText>
			<pageText id='txt_56'>
				<![CDATA[ <strong>Complex Activity: Introduction</strong> <br/><br/> The Introduction screen lays the groundwork for the complex activity. It provides any background information you need to complete the activity. This information could be as varied as a description of the organization on which the activity is based, a network diagram for you to study, an extract from a request for proposal document, or even interviews between key characters in a particular scenario. As you progress through the activity, you may want to come back to the Introduction screen to review this information.]]>
			</pageText>
			<pageText id='txt_57'>
				<![CDATA[ <strong>Complex Activity: Workspace</strong> <br/><br/> The Workspace screen is where you complete the task. Examples of tasks may be to listen to a conversation and answer related questions or make decisions, to read interview transcripts, analyze the participants responses, and identify the best candidate for the job, and to analyze a network diagram and identify vulnerabilities and weak links.]]>
			</pageText>
			<pageText id='txt_58'>
				<![CDATA[ <strong>Complex Activity: Review</strong> <br/><br/> The Review explains the problem resolution with an expert's opinion. Once you have completed the task in the Workspace, you can review an expert's opinion of the best possible solution to the task. You may also be asked to complete a self check.]]>
			</pageText>
			<pageText id='txt_59'>
				<![CDATA[ <strong>Complex Activity: Further Challenges</strong> <br/><br/> Every complex activity wraps up with suggestions for independent research on topics covered in the complex activity. These questions are not graded, and you are not expected to post answers to these questions in the Course Module; the questions are designed to help you delve further into the topic. Sharing your findings with your peers and the instructor will help enhance your learning.]]>
			</pageText>
			<pageText id='txt_60'>
				<![CDATA[ <strong>Summary</strong> <br/><br/> The summary screen at the end of the module presents a quick recap of the main concepts covered in the module.]]>
			</pageText>
			
			
			
  <component type="ClickAndReveal" componentID="comp_1" class="cnr-btn" popupConfigID="" defaultTabIndex="0"></component>
</data>