<data>
	<pageText id="btn_audio"><![CDATA[Audio Off]]></pageText>
	<pageText id="btn_scenario"><![CDATA[Explore the scenario]]></pageText>
	<pageText id="btn_moduleStart"><![CDATA[Skip to the Module]]></pageText>
	<pageText id="course_name"><![CDATA[IMPLEMENTING CYBERSECURITY PROGRAMS]]></pageText>
	<pageText id="course_name_2"><![CDATA[WITHIN AND ACROSS ORGANIZATIONS]]></pageText>

	
	<pageText id="txt_header"><![CDATA[A Challenging Assignment]]></pageText>
	
	<pageText id="txt_bodyTxt"><![CDATA[<p>Massachusetts Medical Care Coordinators Without Borders (MMCCWB), a nongovernmental organization in the United States, provides medical care coordination services to the public at the state and regional levels. It also plans to assist agencies that provide foreign aid, such as the National Acupuncturist Commune (NAC), a Chinese organization. <br><br>MMCCWB wants to protect its health care data that it will share with NAC. They do not want to fall prey to a data breach. Therefore, MMCCWB has hired Jack Snow as Chief Information Security Officer (CISO) to develop and implement a cybersecurity program. In addition to MMCCWB and NAC, the program will involve two federal government departments: the Department of Defense (DoD) and the Department of Homeland Security (DHS). <br><br>Review the scenario, and then proceed with the module.</p>]]></pageText>
	
	<pageText id="txt_iTxt"><![CDATA[Select a button to proceed.]]></pageText>
	
	<pageText id="splash_src_txt"><![CDATA[
		
		Disclaimer: The storyline and characters in this part of the module are fictitious and were developed for the purposes of this course. No association with any real person, places, or events is intended or should be inferred.
		
		]]></pageText>
	
		
	<sounds>
		<sound id="btn_audio" filename="intro5" preload="true" playOnLoad="true">
			<cuepoints></cuepoints>
			<transcript></transcript>
		</sound>
	</sounds>
</data>