﻿<?xml version="1.0" encoding="utf-8" standalone="yes"?>
<data>
	 
	 <pageText id="txt_title_1"><![CDATA[DHS and DoD<br>]]></pageText>
 	<pageText id="txt_1"><![CDATA[The private sector has derived cost efficiencies from using the Internet's infrastructure to streamline its operations. The federal government also realizes cost efficiencies by using this cyberinfrastructure. Day-to-day services, as well as critical government emergency response systems, depend on an efficient cyberinfrastructure. However, new concerns regarding national security have emerged from the dependence of these services and systems on cyberinfrastructure.<br><br>DHS and DoD are each partly responsible for addressing these concerns. DHS coordinates for the safeguard of the critical infrastructure on which the country relies, and DOD retains its traditional homeland defense mission as well as special responsibility for the defense industrial base. <br><br>The national security of the United States is tied to its economic security. The U.S. government realizes that unreliable financial and economic systems would create chaos and have severe consequences for the general population. Unreliable systems would hurt industry and eventually cripple the government financiallyas well. <br><br>Moreover, the global cyberinfrastructure now plays a critical role in the U.S. financial system. A successful attack on the U.S. financial system would have severe consequences on the tightly integrated global financial system, and vice versa. In view of this interdependency, the U.S. government has entered into cooperative programs to share intelligence on cyberthreats with friendly foreign governments and agencies. Thus, national security has become the foundation of cybersecurity.<br><br>]]></pageText>
   
   
</data>