﻿<?xml version="1.0" encoding="utf-8" standalone="yes"?>
<data>
	<pageText id="txt_title_1"><![CDATA[DHS Programs with Other Countries]]></pageText>
	<pageText id="txt_1"><![CDATA[DHS is involved in numerous international collaborative initiatives through many of its subsidiary agencies. Jack decides to focus on programs that relate to international cybersecurity collaboration. <br><br>He finds relevant excerpts from the following documents:<br><br>
		<ul>
			<li>The Quadrennial Homeland Security Review Report</li><br>
			<li>The Implementing Recommendations of the 9/11 Commission Act of 2007</li><br>
		</ul>
		<span class="i-text">Select each highlighted text element to learn more.</span> ]]></pageText>
	 

	 
	
	 <pageText id="txt_heaad1"><![CDATA[<b>The Quadrennial Homeland Security Review Report</b><br><br>]]></pageText>
	<pageText id="txt_Popup1"><![CDATA[This report contains a comprehensive strategic assessment of U.S. homeland security.It contains the following recommendations for forging new international partnershipsto strengthen national security: <br><br><b>Expand and extend governmental and private-sector international partnerships: Transform how government and the private sector interact.</b> International partners are key participants in the homeland security enterprise. The interconnected nature of world economies and international infrastructure means that seemingly isolated events often have transnational origins and global consequences. The acceleration of the flows of ideas, goods, and people around the world and across U.S. borders generally advances America's interests, but also creates security challenges that are increasingly borderless and unconventional. International partners are critical to the effort to secure the homeland against threats that transcend jurisdictional and geographic boundaries. International engagement enhances the transparency of threat trajectories and increases our capacity to understand, investigate, and interdict threats at the earliest possible point, ideally before they become manifest, reach our shores, or disrupt the critical networks on which we depend. The United States must work with its international partners to increase global security against terrorism and violent extremism, the spread of infectious diseases, and the consequences of natural disasters (DHS, 2010, pp. 73-74).<br><br><span class="reference">Reference: U.S. Department of Homeland Security (DHS). (2010, February). Quadrennial homeland securityreview report: A strategic framework for a secure homeland. Retrieved from http://www.dhs.gov/xlibrary/assets/qhsr_report.pdf</span>]]></pageText>
	 
	 <pageText id="txt_heaad2"><![CDATA[<b>Implementing Recommendations of the 9/11 Commission Act of 2007</b> <br><br>]]></pageText>
	<pageText id="txt_Popup2"><![CDATA[DHS established its International Cooperative Programs Office (ICPO) to address the Implementing Recommendations of the 9/11 Commission Act of 2007 and its provision that "The United States and its allies in the global war on terrorism will mutually benefit from the sharing of technological expertise to combat domestic and international terrorism" (Implementing Recommendations of the 9/11 Commission Act of 2007, §1901(a)(5)). <br><br>The mission of the ICPO is to foster international collaborative research agreements that allow the United States to benefit from foreign expertise that can assist in protecting U.S. national security. The ICPO uses different methods to encourage the development ofnew tools, methods, and approaches that assist DHS with its mission of defending the country. As of 2010, ICPO oversaw 12 bilateral science and technology agreements with 12 foreign countries. It also oversees a research grant program used to encourage collaboration between U.S. and foreign educational institutions. <br><br><span class="reference">Reference: Implementing Recommendations of the 9/11 Commission Act of 2007, Pub. L. 110-53, §1901(a)(5), 121 Stat. 505 (2007).  Retrieved from http://www.intelligence.senate.gov/laws/pl11053.pdf</span><br><br>During fiscal year 2011, ICPO awarded more than $2 million in grants to foster researchin biometrics, sequencing and signature identification of botulism strains, smart monitoring of complex public scenes, and early-detection tools for flood-control infrastructure (ICPO, 2011).<br><br><span class="reference">Reference: U.S. Department of Homeland Security, Science and Technology Directorate, InternationalCooperative Programs Office (ICPO). (2011, July 5). International research grant program. Retrieved from http://www.euussciencetechnology.eu/uploads/docs/DHS%20ST%20ICPO%20Grant%20Program%20July%205%202011%20(APPROVED%20FOR%20PUBLIC).pdf</span><br><br>]]></pageText>
	 
	 
	 
	 <component type="ClickAndReveal" componentID="comp_1" class="cnr-btn" popupConfigID=""></component>
</data>