﻿<?xml version="1.0" encoding="utf-8" standalone="yes"?>
<data>
	<pageText id="txt_title_1"><![CDATA[Developing a Policy: Factors]]></pageText>
	<pageText id="text01"><![CDATA[DHS is involved with international collaborative efforts through its numerous organizational units. Jack examines how these initiatives interact.<br><br><span class="i-text">Select each circle to learn more about each initiative. Then, select Jack's thought bubble.</span><br>]]></pageText>
	 
	 
	 
	 			<pageText id="imglabel1"><![CDATA[Federal Law Enforcement Training Center]]></pageText>
	 			<pageText id="imglabel2"><![CDATA[National Cyber Security Division]]></pageText>
	 			<pageText id="imglabel3"><![CDATA[National Communications System]]></pageText>
	 			<pageText id="imglabel4"><![CDATA[Office of Infrastructure Protection]]></pageText>
	 			<pageText id="imglabel5"><![CDATA[Office of Operations Coordination]]></pageText>
	 			<pageText id="imglabel6"><![CDATA[Privacy Office]]></pageText>
	 			<pageText id="imglabel7"><![CDATA[U.S. Secret Service]]></pageText>
	 			<pageText id="imglabel8"><![CDATA[U.S. Immigration and Customs Enforcement]]></pageText>
	 			<pageText id="imglabel9"><![CDATA[Organization of American States Assistance]]></pageText>
	 			
	 
	  
			 	<pageText id="txt_Popup1"><![CDATA[<b>Federal Law Enforcement Training Center</b><br><br>The FLETC International Training and Technical Assistance Division emerged in the 1980s from efforts to counter international hijackings and financial crimes. The International Training and Technical Assistance Division now extends law enforcement training abroad to curb international crime, drug-trafficking, and terrorist activity, and to protect the United States. It coordinates training and assistance requests, partners with the Department of State to support and manage International Law Enforcement Academies abroad, and facilitates training for select foreign nationals (DHS OIG, 2008, p. 124). <br><br><span class="reference">Reference: U.S. Department of Homeland Security, Office of Inspector General (DHS OIG). (2008, June). <i>Management of Department of Homeland Security international activities and interests </i>(OIG-08-71). Retrieved from Homeland Security Digital Library Web site: https://www.hsdl.org/?view&did=487686</span>]]></pageText>
 				<pageText id="txt_Popup2"><![CDATA[<b>National Cyber Security Division</b><br><br>The National Cyber Security Division works to secure cyberspace and America's cyber assets in cooperation with public, private, and international entities. The Division's international role stems from several strategic plans and directives, including the National Strategy to Secure Cyber Space, Presidential Decision Directive 7, National Infrastructure Preparedness Plan, the Information Technology Sector Specific Plan, and National Response Plan. The National Cyber Security Division maintains international engagements and working relationships with the United Kingdom, Australia, New Zealand, and Canada. The division participates in international initiatives including the International Watch and Warning Network and the Security and Prosperity Partnership between the United States, Canada, and Mexico. The National Cyber Security Division also provides subject matter experts to a number of multilateral organizations (DHS OIG, 2008, p. 126).<br><br><span class="reference">Reference: U.S. Department of Homeland Security, Office of Inspector General (DHS OIG). (2008, June). <i>Management of Department of Homeland Security international activities and interests </i>(OIG-08-71). Retrieved from Homeland Security Digital Library Web site: https://www.hsdl.org/?view&did=487686</span>  ]]></pageText>
 				<pageText id="txt_Popup3"><![CDATA[<b>National Communications System</b><br><br>The National Communications System is a consortium of 23 federal departments and agencies that seek to ensure the availability of a viable national security and emergency preparedness communications infrastructure. The National Communications System participates in several international working groups that involve Canada; the United Kingdom; NATO; and the International Telecommunications Committee. In addition, the National Communications System conducts activities in support of several international agreements, including the Security and Prosperity Partnership with Mexico and Canada (DHS OIG, 2008, p. 126).<br><br><span class="reference">Reference: U.S. Department of Homeland Security, Office of Inspector General (DHS OIG). (2008, June). <i>Management of Department of Homeland Security international activities and interests </i>(OIG-08-71). Retrieved from Homeland Security Digital Library Web site: https://www.hsdl.org/?view&did=487686</span><br><br>In 2009, the operational arm of the NCS, the National Coordinating Center for Telecommunications (NCC), was unified with other DHS elements, such as the U.S. Computer Emergency Readiness Team (US-CERT), under the National Cybersecurity and Communications Integration Center (NCCIC). The NCCIC is a DHS-led 24x7 cyber infrastructure monitoring and warning center.<br><br><span class="reference">Reference: US Department of Homeland Security. October 30, 2009. Secretary Napolitano Opens New National Cybersecurity and Communications Integration Center. Press Release retrieved from http://www.ncs.gov/news/2009/103109.html</span> ]]></pageText>
 				<pageText id="txt_Popup4"><![CDATA[<b>Office of Infrastructure Protection</b><br><br>The Office of Infrastructure Protection was established to protect U.S. critical infrastructure and key assets. The Office of Infrastructure Protection has some international engagements because a number of infrastructures vital to the United States cross borders or have international dimensions (e.g., dams and bridges that span borders). The Office of Infrastructure Protection has identified cross-border critical infrastructures and conducted joint infrastructure assessments with Mexican and Canadian counterparts (DHS OIG, 2008, p. 126).<br><br><span class="reference">Reference: U.S. Department of Homeland Security, Office of Inspector General (DHS OIG). (2008, June). <i>Management of Department of Homeland Security international activities and interests </i>(OIG-08-71). Retrieved from Homeland Security Digital Library Web site: https://www.hsdl.org/?view&did=487686</span> ]]></pageText>
 				<pageText id="txt_Popup5"><![CDATA[<b>Office of Operations Coordination</b><br><br>The Office of Operations Coordination provides situational awareness, strategic decision making support, incident management, and contingency planning services for DHS. It oversees the principal operations center for DHS, the National Operations Center, which collects and combines threat and operational information from federal, state, and local governments, and private sector organizations.<br><br>The office acts as liaison and shares information with foreign operations centers in Canada and the United Kingdom, engages Australian operational staff through an information system portal, and hosts visitors from other nations (DHS OIG, 2008, p. 128).<br><br><span class="reference">Reference: U.S. Department of Homeland Security, Office of Inspector General (DHS OIG). (2008, June). <i>Management of Department of Homeland Security international activities and interests </i>(OIG-08-71). Retrieved from Homeland Security Digital Library Web site: https://www.hsdl.org/?view&did=487686</span> ]]></pageText>
 				<pageText id="txt_Popup6"><![CDATA[<b>Privacy Office</b> <br><br>Established in the department's enabling legislation, the Privacy Office's mission is to sustain privacy protections and transparency of government operations, while achieving the DHS goals. The office seeks to engage international partners to foster international cooperation and understanding of privacy issues related to DHS missions and operations (DHS OIG, 2008, p. 129).<br><br><span class="reference">Reference: U.S. Department of Homeland Security, Office of Inspector General (DHS OIG). (2008, June). <i>Management of Department of Homeland Security international activities and interests </i>(OIG-08-71). Retrieved from Homeland Security Digital Library Web site: https://www.hsdl.org/?view&did=487686</span>  ]]></pageText>
 				<pageText id="txt_Popup7"><![CDATA[<b>U.S. Secret Service</b><br><br>The Secret Service is the lead federal law enforcement agency for counterfeiting investigations and credit card, financial wire transaction, telemarketing, telecommunications, and computer fraud investigations. The Secret Service also investigates cases of forgery, money laundering, and identity theft. Secret Service staff abroad support domestic investigations by working with local law enforcement to address international leads. They also provide instruction in investigative techniques at International Law Enforcement Academies … (DHSOIG, 2008, p. 130).<br><br><span class="reference">Reference: U.S. Department of Homeland Security, Office of Inspector General (DHS OIG). (2008, June). <i>Management of Department of Homeland Security international activities and interests </i>(OIG-08-71). Retrieved from Homeland Security Digital Library Web site: https://www.hsdl.org/?view&did=487686</span>  ]]></pageText>
 				<pageText id="txt_Popup8"><![CDATA[<b>U.S. Immigration and Customs Enforcement</b><br><br>ICE attachés abroad provide information and investigative support for cases involving: child exploitation and human trafficking; travel document fraud; human, narcotics, and weapons smuggling; financial and cyber crimes; trade enforcement and financial crimes; and export enforcement issues (DHS OIG, 2008, p. 125).<br><br><span class="reference">Reference: U.S. Department of Homeland Security, Office of Inspector General (DHS OIG). (2008, June). <i>Management of Department of Homeland Security international activities and interests </i>(OIG-08-71). Retrieved from Homeland Security Digital Library Web site: https://www.hsdl.org/?view&did=487686</span>   ]]></pageText>
 				<pageText id="txt_Popup9"><![CDATA[<b>Organization of American States Assistance</b><br><br><div class="scrool_div">As a contributing member, DHS also participates in initiatives sponsored by the Organization of American States (OAS).<br><br>
 				According to a recent presentation by OAS program manager Brian Sullivan (Sullivan, 2010, slide 5), the OAS has been pursuing three cybersecurity mandates:<br><br>
 				<ul>
 					<li>Assist member states in developing cybercrime investigative and prosecutorial capabilities as well as the legislative framework and legal tools that will support their efforts.</li><br>
 					<li>Assist member states in developing their cybersecurity monitoring and response capabilities through the development of national incident response teams that can cooperate on an international basis.</li><br>
 					<li>"The Inter-American Telecommunication Commission (CITEL) was mandated to promote a culture of cyber security, and to work with government and industry stakeholders on the development and implementation of cyber security standards and regulations." </li><br>
 				</ul>
 				According to Sullivan, the OAS has run into many obstacles that have hampered progress (Sullivan, 2010, slide 6). These obstacles are similar to the obstacles DHS has tackled previously in its initiatives. <br><br>
 				<b>Obstacle 1</b><br>A persistent lack of cybersecurity awareness at the policy- and decision-making levels within the member states. Many member states continue to overlook cyberthreats to their information infrastructures, as well as the potential consequences of cyberattacks or security breaches, especially when a response capability has not been planned (Sullivan, 2010, slide 6).<br><br><b>Obstacle 2</b><br>A lack of awareness of the critical need for a national cybersecurity framework that would clarify roles and responsibilities to ensure effective coordination within and outside OAS member governments. It has been difficult to coordinate the cybersecurity-related activities of the numerous ministries, departments, and agencies in order to foster more sharing of information, especially when there is no clear direction from the decision-making level of the country. A national framework for cybersecurity for each OAS member state would go a long way toward resolving some of these challenges (Sullivan, 2010, slide 6).<br><br><span class="reference">Reference: Sullivan, B. (2010, September 30). A regional perspective on cyber security in the Americas: Challenges and opportunities. [PowerPoint presentation to the International Cyber Security Breakfast Roundtable, International Cyber Center, George Mason University]. Retrieved from http://www.google.com/url?sa=t&rct=j&q=oas%20cybersecurity&source=web&cd=8&ved=0CGEQFjAH&url=http%3A%2F%2Ficc.ite.gmu.edu%2Ficcbreakfast%2FBelisario_Contreras.ppt&ei=4f_CTtnbOsetgQePs4jXDg&usg=AFQjCNGloNFIvXceob8b9IIcgGpjRjTX0w</span><br></div>
 				  ]]></pageText>
 				 
 				 
 				 <pageText id="txt_Popup10"><![CDATA[After assessing the various DHS-sponsored initiatives, we can see that most of the related activities involve the sharing of information among the agreement partners in order to ensure that all participants benefit. Additionally, there appears to be a deliberate overlap of some of the responsibilities between units, such as between ICE and the Secret Service on investigative matters. I think multiple perspectives are valuable and can have a cumulative effect on collaborative initiatives. Also, we can see that other government departments support the mission and efforts of DHS, including DoD. These initiatives are all tied to protecting our national security. Next, I will examine some of DoD's international cybersecurity collaboration initiatives.<br>]]></pageText>
 				 
 				 
	 <component type="ClickAndReveal" componentID="comp_1" class="cnr-btn" popupConfigID=""></component>
	 <component type="ClickAndReveal" componentID="comp_2" class="cnr-btn" popupConfigID=""></component>
	 
</data>