﻿<?xml version="1.0" encoding="utf-8" standalone="yes"?>
<data>
	<pageText id="title"><![CDATA[DoD Programs With Other Countries]]></pageText>
	<pageText id="content"><![CDATA[The Department of Defense encourages numerous cybersecurity initiatives. Its goals were recently formulated in a document titled &quot;Department of Defense Strategy for Operating in Cyberspace.&quot; This document describes how the Pentagon intends to reinforce its defense of cyberspace using five initiatives, or pillars.]]></pageText>
	<pageText id="heading"><![CDATA[The strategy includes the following five strategic initiatives:]]></pageText>

	<pageText id="step1"><![CDATA[<p class="step-no">1</p>DoD will treat cyberspace as an operational domain like land, air, sea, and space, operating and defending department networks as well as equipping forces for cybermissions (DoD, 2011, p. 5).]]></pageText>
	<pageText id="step2"><![CDATA[<p class="step-no">2</p>DoD will introduce new operating methods, including active cyberdefenses, to protect its networks and systems (DoD, 2011, p. 6).]]></pageText>
	<pageText id="step3"><![CDATA[<p class="step-no3">3</p>DoD will partner with DHS and the private sector to protect critical national infrastructures like the power grid, the transportation system, and the financial sector in order to create a &quot;whole-of-government cybersecurity strategy&quot; (DoD, 2011, p. 8).]]></pageText>
	<pageText id="step4"><![CDATA[<p class="step-no">4</p>DoD will build collective cyberdefenses with allies and international partners to expand awareness of, and strengthen, collective cybersecurity (DoD, 2011, p. 9).]]></pageText>
	<pageText id="step5"><![CDATA[<p class="step-no">5</p>DoD will foster the development of an innovative technological workforce to foster cybersecurity innovation (DoD, 2011, p. 10).]]></pageText>
	
	<pageText id="reference"><![CDATA[Reference: U.S. Department of Defense (DoD). (2011, July). Department of Defense strategy for operating in cyberspace. Retrieved from http://www.defense.gov/news/d20110714cyber.pdf]]></pageText>


	<pageText id="i_text_front"><![CDATA[Select Jack&apos;s thought bubble to learn more.]]></pageText>
	<pageText id="i_text"><![CDATA[Select each slide to learn more about the fourth strategic initiative.]]></pageText>

	<pageText id="step_1_heading"><![CDATA[Slide 1]]></pageText>
	<pageText id="step_1_content"><![CDATA[<p><b>Strategic Initiative 4: DoD will build robust relationships with U.S. allies and international partners to strengthen collective cybersecurity...</b></p>
	<p>In support of the U.S. <i>International Strategy for Cyberspace</i> and in collaboration with its interagency partners, DoD will seek increasingly robust international relationships to reflect our core commitments and common interests in cyberspace. The development of international shared situational awareness and warning capabilities will enable collective self-defense and collective deterrence. By sharing timely indicators about cyber events, threat signatures of malicious code, and information about emerging actors and threats, allies and international partners can increase collective cyber defense. Cyberspace is a network of networks that includes thousands of ISPs across the globe; no single state or organization can maintain effective cyberdefenses on its own (DoD, 2011, p. 9).</p>
	<p class="reference">Reference: U.S. Department of Defense (DoD). (2011, July). Department of Defense strategy for operating in cyberspace. Retrieved from http://www.defense.gov/news/d20110714cyber.pdf</p>
	]]></pageText>

	<pageText id="step_2_heading"><![CDATA[Slide 2]]></pageText>
	<pageText id="step_2_content"><![CDATA[<p>DoD&apos;s international engagement will support the U.S. <I>International Strategy for Cyberspace</I> and the President&apos;s commitment to fundamental freedoms, privacy, and the free flow of information. DoD will assist U.S. efforts to advance the development and promotion of international cyberspace norms and principles that promote openness, interoperability, security, and reliability. The Department will work with interagency and international partners to encourage responsible behavior and oppose those who would seek to disrupt networks and systems, dissuade and deter malicious actors, and reserve the right to defend these vital national assets as necessary and appropriate. These efforts will sustain a cyberspace that provides opportunities to innovate and yield benefits for all (DoD, 2011, pp. 9-10).</p>
	<p class="reference">Reference: U.S. Department of Defense (DoD). (2011, July). Department of Defense strategy for operating in cyberspace. Retrieved from http://www.defense.gov/news/d20110714cyber.pdf</p>
	]]></pageText>

	<pageText id="step_3_heading"><![CDATA[Slide 3]]></pageText>
	<pageText id="step_3_content"><![CDATA[<p>As international cyberspace cooperation continues to develop, DoD will advance its close cyberspace cooperation with its allies to defend U.S. and allied interests in cyberspace. DoD will work closely with its allies and international partners to develop shared warning capabilities, engage in capacity building, and conduct joint training activities. Engagement will create opportunities to initiate dialogues for sharing best practices in areas such as forensics, capability development, exercise participation, and public-private partnerships. Further, the development of burden sharing arrangements can play to each nation&apos;s core strengths and capabilities; this will bolster areas where partners are less proficient, increase capacity, and strengthen collective cybersecurity (DoD, 2011, p. 10).</p>
	<p class="reference">Reference: U.S. Department of Defense (DoD). (2011, July). Department of Defense strategy for operating in cyberspace. Retrieved from http://www.defense.gov/news/d20110714cyber.pdf</p>
	]]></pageText>

	<pageText id="step_4_heading"><![CDATA[Slide 4]]></pageText>
	<pageText id="step_4_content"><![CDATA[<p>DoD will expand its formal and informal cyber cooperation to a wider pool of allied and partner militaries to develop collective self-defense and increase collective deterrence. DoD will create new opportunities for like-minded states to work cooperatively based on shared principles; expanded and strengthened relationships with allies and international partners can maximize scarce cyber capabilities, mitigate risk, and create coalitions to deter malicious activities in cyberspace. These coalitions will serve to augment DoD&apos;s formal alliances and partnerships and increase broader cybersecurity (DoD, 2011, p. 10).</p>
	<p class="reference">Reference: U.S. Department of Defense (DoD). (2011, July). Department of Defense strategy for <operat></operat>ing in cyberspace. Retrieved from http://www.defense.gov/news/d20110714cyber.pdf</p>
	]]></pageText>


	<pageText id="side_text"><![CDATA[The fourth initiative has an emphasis on building cyberdefenses with allies and international partners, as well as the expansion of security awareness-related activities. It will be productive to examine this initiative more closely.]]></pageText>
</data>