<?xml version="1.0" encoding="utf-8" standalone="yes"?>
<data>
	<pageText id="txt_title_1">
		<![CDATA[Jack's Update 1  ]]>
	</pageText>
	<pageText id="text_1">
		<![CDATA[DoD's cyberstrategy extends the long-standing multinational intelligence-sharing initiative called Five Eyes. Jack e-mails Mary with an update, and then decides to examine this program as well as other multinational agreements. <br/> <br>
		<span class="i-text">Select the e-mail icon to read the update. Then, answer  a few question by clicking the Activity button.</span>
		 <br/><br/>]]>
	</pageText>
	
	<pageText id="email_header"><![CDATA[
		<table>
			<tr>
				<td width="60px">From:</td>
				<td>Jack Snow</td>
			</tr>
			<tr>
				<td>To:</td>
				<td>MAry Lewis</td>
			</tr>
			<tr>
				<td>Subject:</td>
				<td>Cybersecurity Project—Update 1 </td>
			</tr>
		</table>
	 ]]></pageText>
	
	<pageText id="email_body"><![CDATA[
		Hi Mary,   <br/><br/>
I am in the early stages of my review, but I wanted to provide you with a brief update. There is a wide range of cybersecurity initiatives that exist at the international level. On the U.S. side, the majority of these are coordinated by the Department of Homeland Security. Some of the programs are based both in the U.S. and in foreign countries. For example, the Federal Law Enforcement Training Center operates in at least four centers overseas, including Bangkok, Budapest, Gaborone, and San Salvador.<br/><br/>
While these are good programs, I see some challenges. First, the amount of overseas cooperation seems to be relatively small. Secondly, the U.S. government should be more aggressive in pursuing opportunities with other nations that are currently not part of these programs, because cybersecurity is truly a worldwide problem.   <br/><br/>
Regards,<br/> Jack   
	]]></pageText>
	
			
<activity type="MCQ" questionId="MCQ_1" totalAttempts="1" correctAnswer="3" fbType="CORRECTINCORRECT" immediateFeedback="true" displayTickCross="true" class="radio-groups-container" showFeedbackPopup="true" scorable="true" trigger="MCQ_2" tickCrossTrigger="submit" tickcrosstype="compact">
		<pageTexts>
			
			<pageText id="question_num">
				<![CDATA[<b>1.</b>]]>
			</pageText>
			<pageText id="page_num" class="page-num">
				<![CDATA[01 of 02]]>
			</pageText>
			<pageText id="question" class="question">
				<![CDATA[When is the best time for the United States to establish new international partnerships with a foreign country? <br>]]>
			</pageText>
			
		</pageTexts>
		<optionGroup id="1" class="radio-container">
			<option id="1" class="radio" score="0" optionID="1">
				<pageText class="radio-label">
					<![CDATA[When the United States is used as an information clearinghouse]]>
				</pageText>
				<feedback>
					<title/>
					<content>
						<![CDATA[]]>
					</content>
				</feedback>
			</option>
			<option id="2" class="radio" score="0" optionID="2">
				<pageText class="radio-label">
					<![CDATA[When the foreign country is the only one providing information ]]>
				</pageText>
				<feedback>
					<title/>
					<content>
						<![CDATA[]]>
					</content>
				</feedback>
			</option>
			
			<option id="3" class="radio" score="1" optionID="3">
				<pageText class="radio-label">
					<![CDATA[When information is shared between the United States and the other country ]]>
				</pageText>
				<feedback>
					<title/>
					<content>
						<![CDATA[]]>	
					</content>
				</feedback>
			</option>
			
			<option id="4" class="radio" score="0" optionID="4">
				<pageText class="radio-label">
					<![CDATA[When the other country acts as a front man for an adversary of the United States ]]>
				</pageText>
				<feedback>
					<title/>
					<content>
						<![CDATA[]]>
					</content>
				</feedback>
			</option>
			
		</optionGroup>
		<feedbacks>
			<feedback fbType="correct" attempt="1" optionID="1" class=" col4 l7 t6">
				<title>
					<![CDATA[That’s correct.]]>
				</title>
				<content>
					<![CDATA[<br>Mutual sharing and receiving of sensitive cybersecurity information between the United States and a foreign country makes sense only when both countries benefit. ]]>
				</content>
			</feedback>
			<feedback fbType="incorrect" attempt="1" optionID="2" class=" col4 l7 t6 ">
				<title>
					<![CDATA[Not quite.]]>
				</title>
				<content>
					<![CDATA[<br>Mutual sharing and receiving of sensitive cybersecurity information between the United States and a foreign country makes sense only when both countries benefit.  ]]>
				</content>
			</feedback>
		</feedbacks>
	</activity>
	
	<activity type="MMCQ" questionId="MCQ_2" totalAttempts="1" correctAnswer="1,2,4" fbType="CORRECTINCORRECT" immediateFeedback="true" displayTickCross="true" class="checkbox-groups-container" showFeedbackPopup="true" scorable="true" tickCrossTrigger="submit" tickcrosstype="compact" mandatory = "false">
		<pageTexts>
			
			<pageText id="question_num">
				<![CDATA[<b>2.</b>]]>
			</pageText>
			<pageText id="page_num" class="page-num">
				<![CDATA[02 of 02]]>
			</pageText>
			<pageText id="question" class="question">
				<![CDATA[ In which aspects of cybersecurity does the U.S. Secret Service often become involved? ]]>
			</pageText>
			
		</pageTexts>
		<optionGroup id="1" class="checkbox-container">
					<option id="1" class="checkbox" score="1" optionID="1">
				<pageText class="checkbox-label">
					<![CDATA[Telemarketing fraud ]]>
				</pageText>
				<feedback>
					<title/>
					<content>
						<![CDATA[]]>
					</content>
				</feedback>
			</option>
			<option id="2" class="checkbox" score="1" optionID="2">
				<pageText class="checkbox-label">
					<![CDATA[Computer fraud ]]>
				</pageText>
				<feedback>
					<title/>
					<content>
						<![CDATA[]]>
					</content>
				</feedback>
			</option>		
			<option id="3" class="checkbox" score="-1" optionID="3">
				<pageText class="checkbox-label">
					<![CDATA[Safeguarding the president ]]>
				</pageText>
				<feedback>
					<title/>
					<content>
						<![CDATA[]]>
					</content>
				</feedback>
			</option>
			
			<option id="4" class="checkbox" score="1" optionID="4">
				<pageText class="checkbox-label">
					<![CDATA[Forgery ]]>
				</pageText>
				<feedback>
					<title/>
					<content>
						<![CDATA[]]>
					</content>
				</feedback>
			</option>
		</optionGroup>
		<feedbacks>
			<feedback fbType="correct" attempt="1" optionID="1" class="col6 l6 t5">
				<title>
					<![CDATA[That's correct.]]>
				</title>
				<content>
					<![CDATA[<br>With regard to cybersecurity, the U.S. Secret Service has direct investigative responsibilities for telemarketing fraud, computer fraud, and forgery of documents and currency. In addition, the U.S. Secret Service also is responsible for protecting the physical security of the president, vice-president, and secretarial members of the president’s cabinet. This responsibility also extends to working with the protective details for visiting foreign dignitaries.  <br><br> 
The Secret Service's responsibilities include investigating telemarketing fraud, computer fraud, and forgery.    ]]>
				</content>
			</feedback>
			<feedback fbType="incorrect" attempt="1" optionID="2" class="col6 l6 t5">
				<title>
					<![CDATA[Not quite.]]>
				</title>
				<content>
					<![CDATA[<br>With regard to cybersecurity, the U.S. Secret Service has direct investigative responsibilities for telemarketing fraud, computer fraud, and forgery of documents and currency. In addition, the U.S. Secret Service also is responsible for protecting the physical security of the president, vice-president, and secretarial members of the president’s cabinet. This responsibility also extends to working with the protective details for visiting foreign dignitaries.   <br><br>
The Secret Service's responsibilities include investigating telemarketing fraud, computer fraud, and forgery.   ]]>
				</content>
			</feedback>						
		</feedbacks>
	</activity>
	<pageText id="opt1"><![CDATA[Select the correct option and click Submit. <br>]]></pageText>
	<pageText id="opt2"><![CDATA[Select the correct option and click Submit. <br>]]></pageText>
	<component type="ClickAndReveal" componentID="comp_1" class="cnr-btn" popupConfigID=""></component>
	<component type="ClickAndReveal" componentID="comp_2" class="cnr-btn" popupConfigID=""></component>
</data>
