﻿<?xml version="1.0" encoding="utf-8" standalone="yes"?>
<data>
	 
	 <pageText id="txt_title_1"><![CDATA[Module Introduction<br>]]></pageText>
 	<pageText id="txt_1"><![CDATA[This module focuses on the various elements that are required for developing and implementing effective cybersecurity programs. It covers existing collaboration programs that address the needs of private industry, multinational organizations, and international organizations, and it assesses existing public cybersecurity threat awareness programs.<br><br>This module covers the salient points of some cybersecurity programs. Some of these programs are collaborative in nature. The programs that have been undertaken by DHS and DoD in cooperation with other countries are good examples of collaborative programs. These programs often put their focus on cybersecurity information sharing, awareness, and education, and they may involve the cooperation of multiple countries and groups. Some programs are sponsored by private industry and focus on the particular cybersecurity needs of that sector.<br><br>]]></pageText>
   
   
</data>