<?xml version='1.0' encoding='UTF-8' ?>
<cw data="cw01" label="CSEC 620 HUMAN ASPECTS IN CYBERSECURITY: ETHICS, LEGAL ISSUES, AND PSYCHOLOGY &lt;br&gt;HUMAN FACTORS" hierarchyLevel="level1">
	<page data="splash" label="Splash" pageType="popup" viewType="01" jumpTo="" backTo="" script="splash" css="splash" ignorepagination="true"/>
	<page data="menu" label="Menu" pageType="popup" viewType="02" jumpTo="" backTo="" script="menu" css="menu" ignorepagination="true"/>
	<page data="glossary" label="Glossary" pageType="popup" viewType="01" jumpTo="" backTo="" script="glossary" css="glossary" ignorepagination="true"/>
	<page data="help" label="Help" pageType="popup" viewType="01" jumpTo="" backTo="" script="help" css="help" ignorepagination="true"/>
	<cw data="cw01" label="&lt;span class='topic-lbl'&gt;Topic 2: &lt;/span&gt;Scenario: Password Sharing: A Threat" hierarchyLevel="level2">
		<page data="pg01" label="C-R-6click" pageType="" viewType="04" jumpTo="" backTo="" script="pg01" css="pg01"/>
	 </cw>
	<cw data="cw02" label="&lt;span class='topic-lbl'&gt;Topic 2: &lt;/span&gt;Module Introduction" hierarchyLevel="level2">
		 <page data="pg02" label="C-R-6click circle" pageType="" viewType="04" jumpTo="" backTo="" script="" css="pg02"/>
	</cw>
	<cw data="cw03" label="&lt;span class='topic-lbl'&gt;Topic 3: &lt;/span&gt;Development Phase" hierarchyLevel="level2">
		<page data="pg03" label="C-R-5click" pageType="" viewType="04" jumpTo="" backTo="" script="" css="pg03"/>
		<page data="pg04" label="C-R-5click" pageType="" viewType="04" jumpTo="" backTo="" script="" css="pg04"/>
		<page data="pg05" label="The U.S. Justice System" pageType="" viewType="05" jumpTo="" backTo="" script="pg05" css="pg05"/>
		<page data="pg06" label="" pageType="" viewType="05" jumpTo="" backTo="" script="pg06" css="pg06"/>
		<page data="pg07" label="" pageType="" viewType="05" jumpTo="" backTo="" script="pg07" css="pg07"/>
	</cw>
	<cw data="cw04" label="&lt;span class='topic-lbl'&gt;Topic 4: &lt;/span&gt;Challenges to IAP Development" hierarchyLevel="level2">
		<page data="pg08" label="" pageType="" viewType="05" jumpTo="" backTo="" script="" css="pg08"/>
		<page data="pg09" label="" pageType="" viewType="05" jumpTo="" backTo="" script="" css="pg09"/>
		<page data="pg10" label="" pageType="" viewType="05" jumpTo="" backTo="" script="" css="pg10"/>
		<page data="pg11" label="What Drives Policy?" pageType="" viewType="05" jumpTo="" backTo="" script="pg11" css="pg11"/>
	</cw>
	<cw data="cw05" label="&lt;span class='topic-lbl'&gt;Topic 5: &lt;/span&gt;Policy Rollout" hierarchyLevel="level2">
		 <page data="pg12" label="What Drives Policy?" pageType="" viewType="05" jumpTo="" backTo="" script="pg12" css="pg12"/>
		 <page data="pg13" label="What Drives Policy?" pageType="" viewType="05" jumpTo="" backTo="" script="" css="pg13"/>
	</cw>
	<cw data="cw06" label="&lt;span class='topic-lbl'&gt;Topic 6: &lt;/span&gt;Review and Auditing" hierarchyLevel="level2">
		 <page data="pg14" label="" pageType="" viewType="05" jumpTo="" backTo="" script="" css="pg14"/>
		<page data="pg15" label="" pageType="" viewType="05" jumpTo="" backTo="" script="" css="pg15"/>
		<page data="pg16" label="" pageType="" viewType="05" jumpTo="" backTo="" script="" css="pg16"/>
		<page data="pg17" label="What Drives Policy?" pageType="" viewType="05" jumpTo="" backTo="" script="pg17" css="pg17"/>
	</cw>
	<cw data="cw07" label="&lt;span class='topic-lbl'&gt;Topic 7: &lt;/span&gt;Specific Information Assurance Policies" hierarchyLevel="level2">
		  <page data="pg18" label="What Drives Policy?" pageType="" viewType="05" jumpTo="" backTo="" script="" css="pg18"/>
		 <page data="pg19" label="What Drives Policy?" pageType="" viewType="05" jumpTo="" backTo="" script="pg19" css="pg19"/>
		
	</cw>
	<cw data="cw08" label="&lt;span class='topic-lbl'&gt;Topic 8: &lt;/span&gt;Summary" hierarchyLevel="level2">
		<page data="pg20" label="What Drives Policy?" pageType="" viewType="05" jumpTo="" backTo="" script="" css="pg20"/>
		<page data="pg21" label="What Drives Policy?" pageType="" viewType="05" jumpTo="" backTo="" script="" css="pg21"/>
	</cw>
 
	<resources>
		<item name="pdf" value="sco_content/en/resources/csec640_06.pdf"></item>
	</resources>
</cw>