<?xml version="1.0" encoding="UTF-8"?>
<uiconfig>
    <items>
	   <item id="utilityBtnHolder" class="ui-skin hide" type="text"><![CDATA[]]></item>
	   <item id="utilityPannel" class="ui-skin hide" type="text"><![CDATA[]]></item>
	   <item id="underline" class="ui-skin hide-text" type="text"><![CDATA[]]></item>
       <item id="utilityOpener" class="ui-skin tis-btn ui-utility-btn hide-text hide" type="button"><![CDATA[]]></item>
	   
	   <item id="btn_home" class="ui-skin tis-btn ui-home-btn hide-text hide" type="button" available="true"><![CDATA[]]></item>
	   <item id="btn_menu" class="ui-skin tis-btn ui-menu-btn hide-text hide" type="button" available="true"><![CDATA[]]></item>
	   <item id="btn_course_glossary" class="ui-skin ui-glossary-btn tis-btn hide-text hide" type="button" ><![CDATA[Glossary]]></item>
       <item id="btn_help" class="ui-skin tis-btn ui-help-btn hide-text hide" type="button" ><![CDATA[Help]]></item>
       <item id="btn_pdf" class="ui-skin tis-btn ui-pdf-btn hide-text hide" type="button" ><![CDATA[Help]]></item>
       <item id="btn_print" class="ui-skin tis-btn ui-print-btn hide-text hide" type="button" ><![CDATA[Help]]></item>
	
       <item id="btn_home" class="ui-skin tis-btn hide-text hide" type="button"><![CDATA[]]></item>
       <item id="btn_settings" class="ui-skin tis-btn hide-text hide" type="button" ><![CDATA[]]></item>
       <item id="logo" class="ui-skin logo hide-text hide" type="text" ><![CDATA[Logo of Western State College of Law]]></item>
       <item id="txt_coursetitle" class="hide" type="text" ><![CDATA[Module 1]]></item>
       <item id="txt_topictitle" class="hide" type="text" ><![CDATA[Administrative Law and Administrative Agencies]]></item>
       <item id="btn_course_close" class="ui-skin tis-btn ui-exit-btn hide-text hide" type="button" ><![CDATA[Exit]]></item>
       <item id="btn_aboutmedeva_nav" class="ui-aboutmedeva-btn tis-btn hide-text hide" type="button" ><![CDATA[Medeva]]></item>
       <item id="btn_play" class="ui-skin tis-btn ui-audio-panel-btn ui-play-btn hide-text hide" type="button" ><![CDATA[Play]]></item>
       <item id="btn_pause" class="ui-skin tis-btn ui-audio-panel-btn ui-pause-btn hide-text hide" type="button" ><![CDATA[Pause]]></item>
       <item id="btn_transcript" class="ui-skin tis-btn ui-audio-panel-btn ui-transcript-btn hide-text hide" type="button" ><![CDATA[Transcript]]></item>
       <item id="img_instructor" class="ui-skin img-instructor hide-text hide" type="image" ><![CDATA[]]></item>
       <item id="audio_panel_itext" class="text-itext hide-text hide" type="text" ><![CDATA[Select <strong>Play</strong> to begin the narration]]></item>
       <item id="btn_previous" class="ui-skin tis-btn ui-prev-btn hide-text hide" type="button" ><![CDATA[Back]]></item>
       <item id="txt_pagination" class="ui-skin ui-pagination-txt hide" type="text" ><![CDATA[Page x-x]]></item>
       <item id="btn_next" class="ui-skin tis-btn  ui-next-btn hide-text hide" type="button" ><![CDATA[Next]]></item>
       <item id="nav_itext" class="i-text visually-hidden hide" type="text"><![CDATA[Select <strong>Next</strong> to continue.]]></item>
       <item id="txt_footer" class="footer hide" type="text" ><![CDATA[Select <strong>Next</strong> to proceed. |]]></item>
    </items>
    <viewtypes>

        <view id="01">
            <item id="underline" class=""/>
            <item id="utilityBtnHolder" class=""/>
            <item id="utilityPannel" class=""/>
			<item id="btn_help" class=""/>
            <item id="utilityOpener" class=""/>
			<item id="btn_help" class=""/>
            <item id="btn_home" class=""/>
            <item id="btn_menu" class=""/>
			<item id="btn_pdf" class=""/>
            <item id="btn_print" class=""/>
            <item id="btn_course_glossary" class=""/>
        </view>
		
        <view id="02">
            <item id="utilityBtnHolder" class="hide"/>
            <item id="utilityPannel" class="hide"/>
            <item id="underline" class="hide"/>
        </view>
		
        <view id="03">
            <item id="btn_home" class=""/>
			
            <item id="underline" class=""/>
            <item id="utilityBtnHolder" class=""/>
            <item id="utilityPannel" class=""/>
            <item id="utilityOpener" class=""/>
			<item id="btn_help" class=""/>
			<item id="btn_home" class=""/>
            <item id="btn_menu" class=""/>
			<item id="btn_pdf" class=""/>
            <item id="btn_print" class=""/>
            <item id="btn_course_glossary" class=""/>
			
            <item id="btn_settings" class=""/>
            <item id="btn_previous" class=" disabled"/>
            <item id="btn_next" class=""/>
            <item id="logo" class=""/>
            <item id="txt_coursetitle" class=""/>
            <item id="txt_topictitle" class=""  />
            <item id="btn_help" class=""/>
            <item id="txt_pagination" class=""/>
            <item id="nav_itext" class=""/>
        </view>
		
        <view id="04">
            <item id="btn_home" class=""/>
			
            <item id="underline" class=""/>
            <item id="utilityBtnHolder" class=""/>
            <item id="utilityPannel" class=""/>
            <item id="utilityOpener" class=""/>
			<item id="btn_help" class=""/>
			<item id="btn_home" class=""/>
            <item id="btn_menu" class=""/>
			<item id="btn_pdf" class=""/>
            <item id="btn_print" class=""/>
            <item id="btn_course_glossary" class=""/>
			
            <item id="btn_settings" class=""/>
            <item id="btn_previous" class=""/>
            <item id="btn_next" class=""/>
            <item id="logo" class=""/>
            <item id="txt_coursetitle" class=""/>
            <item id="txt_topictitle" class=""  />
            <item id="btn_course_glossary" class=""/>
            <item id="txt_pagination" class=""/>
            <item id="nav_itext" class=""/>
        </view>
		
        <view id="05">
            <item id="btn_home" class=""/>
			
            <item id="underline" class=""/>
            <item id="utilityBtnHolder" class=""/>
            <item id="utilityPannel" class=""/>
            <item id="utilityOpener" class=""/>
			<item id="btn_help" class=""/>
			<item id="btn_home" class=""/>
            <item id="btn_menu" class=""/>
			<item id="btn_pdf" class=""/>
            <item id="btn_print" class=""/>
            <item id="btn_course_glossary" class=""/>
			
            <item id="btn_settings" class=""/>
            <item id="btn_previous" class=""/>
            <item id="btn_next" class=" disabled"/>
            <item id="logo" class=""/>
            <item id="txt_coursetitle" class=""/>
            <item id="txt_topictitle" class=""  />
            <item id="btn_help" class=""/>
            <item id="btn_course_glossary" class=""/>
            <item id="txt_pagination" class=""/>
            <item id="nav_itext" class=""/>
        </view>
        <!-- Next Button disabled -->
        <view id="05">
            <item id="btn_home" class=""/>
			
            <item id="underline" class=""/>
            <item id="utilityBtnHolder" class=""/>
            <item id="utilityPannel" class=""/>
            <item id="utilityOpener" class=""/>
			<item id="btn_help" class=""/>
			<item id="btn_home" class=""/>
            <item id="btn_menu" class=""/>
			<item id="btn_pdf" class=""/>
            <item id="btn_print" class=""/>
            <item id="btn_course_glossary" class=""/>
			
            <item id="btn_settings" class=""/>
            <item id="btn_previous" class=""/>
            <item id="btn_next" class=" disabled"/>
            <item id="logo" class=""/>
            <item id="txt_coursetitle" class=""/>
            <item id="txt_topictitle" class=""  />
            <item id="btn_help" class=""/>
            <item id="btn_course_glossary" class=""/>
            <item id="txt_pagination" class=""/>
            <item id="nav_itext" class=""/>
        </view>
        <!-- Back Button disabled -->
        <view id="06">
            <item id="btn_home" class=""/>
			
            <item id="underline" class=""/>
            <item id="utilityBtnHolder" class=""/>
            <item id="utilityPannel" class=""/>
            <item id="utilityOpener" class=""/>
			<item id="btn_help" class=""/>
			<item id="btn_home" class=""/>
            <item id="btn_menu" class=""/>
			<item id="btn_pdf" class=""/>
            <item id="btn_print" class=""/>
            <item id="btn_course_glossary" class=""/>
			
            <item id="btn_settings" class=""/>
            <item id="btn_previous" class="disabled"/>
            <item id="btn_next" class=""/>
            <item id="logo" class=""/>
            <item id="txt_coursetitle" class=""/>
            <item id="txt_topictitle" class=""  />
            <item id="btn_help" class=""/>
            <item id="btn_course_glossary" class=""/>
            <item id="txt_pagination" class=""/>
            <item id="nav_itext" class=""/>
        </view>
    </viewtypes>
</uiconfig>
