﻿<?xml version="1.0" encoding="utf-8" standalone="yes"?>
<data>
	<pageText id="title">
		<![CDATA[Scenario]]>
	</pageText>
	<pageText id="i_text">
		<![CDATA[Select each tab to learn more.]]>
	</pageText>
	<pageText id="tab1_content">
		<![CDATA[
		<p><b>The Meeting</b></p>
		<p>As CISO, Jack's assignment is to develop and implement an effective cybersecurity program that will involve governmental and nongovermental organizations, both domestic and international. To get started, Jack meets with Mary Lewis, the Chief Executive Officer (CEO) of MMCCWB. Mary has served on the boards of several private organizations. She is concerned that the budget for MMCCWB's cybersecurity program is limited, and she wants to get the best results for the money that will be invested.</p>
		<p class="i-text">Select the Play button to view the conversation between Jack and Mary.</p>
		]]>
	</pageText>
	<pageText id="tab2_content">
		<![CDATA[
		<p><b>The Assessment</b></p>
		<p>After his meeting with Mary, Jack makes plans to assess current collaborative initiatives among the various organizations that cooperate with MMCCWB. He plans to assess the following programs and initiatives, and then put together a set of best practices to ensure that MMCCWB complies with all relevant regulations in designing its cybersecurity program.</p>
		<p class="i-text">Select each bulleted item to learn more.</p>
		]]>
	</pageText>
	<pageText id="popup1">
		<![CDATA[<br><p>MMCCWB will have to work with many foreign organizations, some of which could be considered foes of the United States. In order to garner U.S. government support for MMCCWB's efforts, Jack plans to assess existing DHS and DoD cybersecurity programs to locate areas in which cooperation will be beneficial to all parties.</p>]]>
	</pageText>
	<pageText id="popup2">
		<![CDATA[<br><p>In order to garner national sponsorship support for MMCCWB's efforts, Jack plans to assess existing multinational cybersecurity programs. These programs include DoD's Five Eyes program, existing bilateral Mutual Legal Assistance Treaties (MLATs), and the work done by the Global Business Dialogue on e-Society group. Jack hopes to derive information about where these programs have been successful and to recommend new areas where cooperation may be possible.</p>]]>
	</pageText>
	<pageText id="popup3">
		<![CDATA[<br><p>Jack plans to examine methods that have been used successfully by the Cross-Sector Cybersecurity Working Group and the Smart Grid Cyber Security Working Group.</p>]]>
	</pageText>
	<pageText id="popup4">
		<![CDATA[
		<br><p>In order to recommend successful approaches that have produced beneficial results in private industry, Jack plans to assess the following:<p>
		<ul>
		<li>Microsoft's Internet safety and anti-piracy efforts</li>
		<li>The Symantec effort to collocate with the National Cyber-Forensics & Training</li>
		<li>Alliance (NCFTA)</li>
		<li>The Intel cybersecurity strategy</li>
		</ul>
		]]>
	</pageText>
	<pageText id="popup5">
		<![CDATA[
		<br><p>In order to implement effective cybersecurity awareness and education programs, Jack plans to assess public awareness and education efforts conducted under the following programs:</p>
		<ul>
		<li>StaySafeOnline.org</li>
		<li>The Stop.Think.Connect. campaign</li>
		<li>Awareness programs directed at children</li>
		<li>The Federal Trade Commission's identity theft awareness program</li>
		</ul>
		]]>
	</pageText>
	<component type="ClickAndReveal" componentID="comp_1" class="cnr-btn" popupConfigID="popup_close">
	</component>
	<component type="ClickAndReveal" componentID="comp_2" class="cnr-btn" popupConfigID="">
	</component>
	<component type="MediaPlayer" componentID="video_1" class="videoplayer">
	</component>
</data>
