<?xml version="1.0" encoding="utf-8" standalone="yes"?>
<data>
	<pageText id="txt_title_1"><![CDATA[A History of Computer Ethics<br>]]></pageText>
	<pageText id="txt_cont"><![CDATA[DoD's cybersecurity strategy includes cooperation with international partners as a way of strengthening America's cybersecurity posture. Jack plans to examine the Five Eyes program, one of the most enduring multinational intelligence-sharing initiatives, so he can derive insight into best practices. <br><br><span class="i-text">Select the arrow to learn more.</span><br>]]></pageText>
	

	<pageText id="txt_2"><![CDATA[<br>Select each button on the timeline to learn more about the history of computer ethics.</span>]]></pageText>
	 
	 
	 <pageText id="txt_Popup1"><![CDATA[<b class="head1_clr">Five Eyes</b><br><br>The Five Eyes intelligence alliance was developed as part of the 1946 UKUSA bilateral agreement. This alliance now includes Australia, Canada, and New Zealand in addition to the United Kingdom and the United States. The UKUSA agreement originally grew out of joint codebreaking efforts during World War II, and expanded during the Cold War to cover the gathering of intelligence on the Soviet Union and China. Because of the political context of the Cold War, one of the tenets of the Five Eyes agreement was that even though it was not military in nature, the group's capabilities for gathering and sharing intelligence could assist members in deterring direct attacks if political conflicts arose with nonmember countries. It was believed that intelligence-sharing agreements like Five Eyes would bring greater benefits than those of more public bilateral and multilateral agreements, which are more formally structured and less secretive.<br>]]></pageText>
	 <pageText id="txt_Popup2"><![CDATA[<b class="head2_clr">Five Eyes</b><br><br><div class="scrolldiv">According to <i>Guardian</i> journalist Richard Aldrich, the Five Eyes group has suffered during its long history from politically motivated internal clashes that resulted in communication breakdowns and eventual resolutions. Here are some examples: <br><br><div class="m1">Access to intelligence was sometimes a useful stick for beating allies. In August 1973, [U.S. President] Richard Nixon and [National Security Advisor] Henry Kissinger lost patience with [British Prime Minister] Edward Heath's pro-European [Economic Community] polices. To signal their displeasure, they told their people to cut Britain out.…<br><br>Canada also endured "cut-offs". After Saddam Hussein's invasion of Kuwait in 1990, Washington asked Ottawa to assist by sending naval ships to the Gulf. The Canadian fleet was out-dated and equipped for anti-submarine warfare. Fearing the threat from aircraft and Exocet missiles, the Canadians protested that their ships would be too vulnerable.<br><br>Washington signaled its intense displeasure by cutting off the intelligence flow and so the "screens went blank". Ottawa had a change of heart and three days later communications were restored. In honour of this memorable episode in allied relations, Ottawa's defence chiefs christened their Gulf naval deployment "Operation Friction" (Aldrich, 2010).<br></div><span class="reference">Reference: Aldrich, R. (2010, June 24). Allied code-breakers co-operate—but not always. <i>The Guardian</i>. Retrieved from http://www.guardian.co.uk/world/2010/jun/24/intelligence-sharing-codebreakers-agreement-ukusa<br></span></div>]]></pageText>
	  
	 <pageText id="count1"><![CDATA[Page 1 of 2]]></pageText>
	 <pageText id="count2"><![CDATA[Page 2 of 2]]></pageText>
	 
	<component type="ClickAndReveal" componentID="comp_1" class="cnr-btn" popupConfigID="" defaultTabIndex="0"></component>
	 
</data>