﻿<?xml version="1.0" encoding="utf-8" standalone="yes"?>
<data>
    <pageText id="title"><![CDATA[Mutual Legal Assistance Treaties]]></pageText>
    <pageText id="i_text01"><![CDATA[Select label of each country to learn about the subject areas covered by its MLAT with United States.]]></pageText>
	  <pageText id="i_txt02"><![CDATA[Select the icon to see the text about MLATs.]]></pageText>
	
	 <pageText id="pop_upload_txt"><![CDATA[The United States has established a strong framework to promote international cooperation, including cooperation on legal issues. Some of the longest-standing elements of this strategy are the bilateral Mutual Legal Assistance Treaties (MLATs) that the United States has established with other countries. Due to the global nature of the Internet, evidence of cybercrimes targeting Americans is increasingly only available outside U.S. jurisdiction. The United States and its allies need this evidence in order to investigate cybercrimes and prosecute the perpetrators. MLATs provide formal mechanisms for coordinating the necessary cooperation between the signatories' legal representatives.<br><br>
	 <p class="pad_01">Mutual Legal Assistance Agreements (sometimes called judicial assistance agreements) obligate each party to gather and provide evidence located in its territory concerning litigation or criminal prosecutions that occur within the jurisdiction of another party requesting such assistance. The United States is a party to several dozen mutual legal assistance agreements. Some of these agreements apply only to the management of particular litigation or to certain types of offenses such as drug trafficking and money laundering. Only a few mutual legal assistance agreements apply broadly to all law enforcement investigations and prosecutions. Such an agreement may supply the only domestic legal authority for the assisting party to investigate offenses that did not occur within its jurisdiction, and it also establishes procedures that expedite the requested assistance. To be effective in helping to suppress computer crimes and other high-tech offenses, mutual legal assistance agreements must either expressly cover such offenses or they must apply broadly to all crimes (DoD OGC, 1999, p. 35).</p>
	 <span class="reference">Reference: U.S. Department of Defense, Office of General Counsel (DoD OGC). (1999, May). An assessment of international legal issues in information operations. Retrieved from http://www.au.af.mil/au/awc/awcgate/dod-io-legal/dod-io-legal.pdf</span><br><br>
	 According to the U.S. State Department's <i>Treaties in Force</i> report, in 2011, the United States had active treaties with [selected] countries that specifically addressed the areas of information assurance, computer network defense, homeland security, and counterterrorism.<br><br>
	 <span class="i-text">Select Close and proceed.</span>
	 ]]></pageText>
 <pageText id="pop_mexico"><![CDATA[<b>Mexico</b><br><br>"Agreement on cooperation in science and technology for homeland security matters" (U.S. Department of State, 2011, p. 187).]]></pageText>

 <pageText id="pop_argentina"><![CDATA[<b>Argentina</b><br><br>"Agreement for information assurance research collaboration" (U.S. Department of State, 2011, p. 6).]]></pageText>

 <pageText id="pop_uk"><![CDATA[<b>United Kingdom</b><br><br>"Agreement on cooperation in science and technology for critical infrastructure protection and other homeland/civil security matters" (U.S. Department of State, 2011, p. 295).]]></pageText>

 <pageText id="pop_germany"><![CDATA[<b>Germany</b><br><br>"Agreement on cooperation in science and technology concerning homeland/civil security matters" (U.S. Department of State, 2011, p. 105).]]></pageText>

 <pageText id="pop_isrel"><![CDATA[<b>Israel</b><br><br>"Agreement on counterterrorism cooperation" (U.S. Department of State, 2011, p. 139).<br>"Agreement on cooperation in science and technology for homeland security matters" (U.S. Department of State, 2011, p. 139).]]></pageText>
 
 <pageText id="pop_poland"><![CDATA[<b>Poland</b><br><br>"Agreement concerning cooperation on information assurance (IA) and computer network defense (CND)" (U.S. Department of State, 2011, p. 229).]]></pageText>

 <pageText id="pop_swedan"><![CDATA[<b>Sweden</b><br><br>"Agreement concerning cooperation on Information Assurance (IA) and Computer Network Defense (CND)" (U.S. Department of State, 2011, p. 263)."Agreement on cooperation in science and technology for homeland security matters" (U.S. Department of State, 2011, p. 264).]]></pageText>

 <pageText id="pop_skorea"><![CDATA[<b>South Korea</b><br><br>"Memorandum of understanding concerning cooperation on information assurance (IA) and computer network defense (CND)" (U.S. Department of State, 2011, p. 160).]]></pageText>

 <pageText id="pop_japan"><![CDATA[<b>Japan</b><br><br>"Agreement concerning cooperation on information assurance and computer network defense" (U.S. Department of State, 2011, p. 149).]]></pageText>
 
 <pageText id="pop_singapore"><![CDATA[<b>Singapore</b><br><br>"Agreement on cooperation in science and technology for homeland/domestic security matters" (U.S. Department of State, 2011, p. 250).]]></pageText>
 
 <pageText id="pop_aust"><![CDATA[<b>Australia</b><br><br>"Agreement on cooperation in science and technology for homeland/domestic security matters" (U.S. Department of State, 2011, p. 12).]]></pageText>

 <pageText id="pop_nezln"><![CDATA[<b>New Zealand</b><br><br>"Agreement on science and technology cooperation contributing to domestic and external security capabilities" (U.S. Department of State, 2011, p. 202).]]></pageText>

	
	<component type="ClickAndReveal" componentID="comp_1" class="cnr-btn" popupConfigID="" defaultTabIndex="0"></component>
	<component type="ClickAndReveal" componentID="comp_2" class="cnr-btn" popupConfigID="callout"></component>

</data>