<?xml version="1.0" encoding="utf-8" standalone="yes"?>
<data>
	<pageText id="txt_title_1"><![CDATA[GBDe]]></pageText>
	
	
	<pageText id="slide_1_text"><![CDATA[
	A group led by global CEOs formed the Global Business Dialogue on e-Society (GBDe) in 1999. The group aims to assist the development of a global policy framework that would better accommodate the emerging global online economy. The group felt that the patchwork of existing government regulation, as demonstrated by the MLATs, would hamper the development of the cybereconomy and that the private sector would be bestequipped to identify the issues that need the attention of government policymakers. Government has generally looked to the private sector for leadership in this technological field and is usually open to input from leaders in the field. 
	
	<br><br>
	At its formation, the group identified the following urgent issue areas (GBDe, 2012): <br>
	
	<ul>
		<li>Taxation</li>
		<li>Tariffs </li>
		<li>Intellectual property rights </li>
		<li>Encryption </li>
		<li>Authentication </li>
		<li>Data protection </li>
		<li>Liability </li>
	</ul>  
	<br>
	GBDe formulates recommendations through Issue Groups that focus on certain areas or concerns. <br><br>
	<span class="ref">Reference: Global Business Dialogue on e-Society (GBDe). (2012). History. Retrieved from http://www.gbde.org/about_history.html  </span>
	]]></pageText>
	
	<pageText id="slide_2_text"><![CDATA[
		The GBDe Cybersecurity Issue Group was active until it issued its final recommendations in 2008. Here is a list of some other former GBDe Issue Groups that have focused on cybersecurity in general as well as many related elements (GBDe, 2012). 
		<br><br>
		<ul>
			<li>Ubiquitous Network Society (UNS)  </li>
			<li>International NFC [Near Field Communication] Payments  </li>
			<li>Digital Home </li>
			<li>Digital Opportunity </li>
			<li>Cybersecurity</li>
			<li>e-Government </li>
			<li> Intellectual Property Rights (IPR)   </li>
			<li>New Business Models </li>
			<li>Securing Electronic Transactions </li>
			<li>Spam </li>
			<li>Taxation </li>
			<li>Trade </li>
		</ul>
		<br>
		<span class="ref">Reference: Global Business Dialogue on e-Society (GBDe). (2012). Issue Groups. Retrieved from http://www.gbd-e.org/issue_groups.html  </span>
	]]></pageText>
	<pageText id="slide_3_text"><![CDATA[
	There are currently two active Issue Groups, which focus on consumer confidence and digital life. Let’s examine how these two areas relate directly to cybersecurity. 
	<bR>
	<ul>	
		<li><b>Consumer Confidence</b>: Consumer confidence plays a critical role in ecommerce issues, and this aligns well with the goals of DHS and DoD. After laying the groundwork for the establishment of a global trustmark, the Consumer Confidence group also established numerous multilateral alternative dispute resolution (ADR) arrangements. It also enumerated data privacy protection and traceability issues involved in international e-business transactions (GBDe, 2011). </li>
		<li><b>Digital Life</b>: Digital life is GBDe's new name for e-commerce. This name reflects the inclusion of IT-related developments that support corporate use of social networking tools and corporate social responsibility issues. This GBDe group focuses on efforts to control greenhouse gas emissions, as well as the implementation of the Smart Grid to address this issue. The 2010 Group Reflection Paper mentioned the critical role of IT in the development of the Smart Grid (GBDe, 2010). </li>
		
	</ul>
	<br>
	<span class="ref">References:<br>  Global Business Dialogue on e-Society (GBDe). (2010). Smart and reliable society (Digital Life Issue Group reflection paper). Retrieved from http://www.gbd-e.org/pubs/Digital_Life_IG_Reflection_Paper.pdf <br><br>Global Business Dialogue on e-Society (GBDe). (2011). Consumer Confidence (1999-current). Retrieved from http://www.gbd-e.org/ig/cc_top.html  </span>
	]]></pageText>
	<pageText id="slide_4_text"><![CDATA[Most of the multinational cybersecurity programs that I have examined up until now allow government agencies in multiple countries to cooperate and provide mutual assistance in order to create a stronger cybersecurity posture. With input from private-sector groups like GBDe, government agencies can foster the development of additional alliances. Of course, I presume that these international agreements will have to be supported by the business sectors that they regulate. I think cross-sector approaches to cybersecurity also need to play a role in the development of further international agreements. I will examine some of these next after I send my update to Mary. ]]></pageText>

	
	
	<component type="ClickAndReveal" componentID="comp_1" class="cnr-btn" popupConfigID="popup_close"></component>
 <component type="carousel" componentID="carousel1" class="carousel" animationStyle="fade" wrap="false" ></component>
</data>