<?xml version="1.0" encoding="utf-8" standalone="yes"?>
<data>
	<pageText id="txt_title_1"><![CDATA[Jack's Update 2]]></pageText>
	<pageText id="txt_1"><![CDATA[Select the e-mail icon to read the update. Then, answer a few questions by clicking the Activity button.<br>]]></pageText>
	
	  
	<pageText id="txt_Popup1"><![CDATA[From:<br>To:<br>Subject: <br><br><div class="nmvalue">Jack Snow<br>Mary Lewis<br>Cybersecurity Project—Update 2 <br><br></div><div class="divscrool">Hi Mary,<br><br>I have learned about some interesting international efforts involving the Department of Defense, including special programs with various U.S. allies. One program, called "Five Eyes," allows for the sharing of sensitive intelligence and cyberterrorism information with Canada, Australia, New Zealand, and the United Kingdom. The fifth "eye" is the United States. As you know, these countries have been among America's biggest and best allies in many military and political conflicts.<br><br>While this is not the only multinational program for cybersecurity, I am wondering why it has not been expanded. One reason could be language. All of the Five Eyes countries are English-speaking, which removes a major potential operational barrier. <br><br>Regards,Jack <br></div>]]></pageText>
	 
	<pageText id="txt_Popup2"><![CDATA[<br>Incremental deployment can incorporate the pilot rollout option and allow for a more deliberate rollout to the organization at large. The incremental rollout method is especially useful when a policy may still have flaws that could be damaging to the organization.<br>]]></pageText>
	
	<pageText id="activity_itext"><![CDATA[Select the correct option and click Submit.]]></pageText>
	
	<pageText id="activity_heading"><![CDATA[<b>Activity</b>]]></pageText>
	
	 <activity type="MCQ" questionId="MCQ_1" totalAttempts="1" correctAnswer="1" fbType="CORRECTINCORRECT" immediateFeedback="true" displayTickCross="true" class="radio-groups-container" showFeedbackPopup="true" scorable="false" tickCrossTrigger="submit" tickcrosstype="compact" hasResetBtn="false" trigger="MCQ_2" mandatory="false">
		<pageTexts>
			<pageText id="question_num">
				<![CDATA[1.]]>
			</pageText>
			<pageText id="question" class="question">
				<![CDATA[Which country is not part of the Five Eyes program?]]>
			</pageText>
		</pageTexts>
	
		<optionGroup id="1" class="radio-container">
			<option id="1" class="radio" score="1" optionID="1">
				<pageText class="radio-label">
					<![CDATA[Japan]]>
				</pageText>
				<feedback>
					<title />
					<content>
						<![CDATA[]]>
					</content>
				</feedback>
			</option>
			<option id="2" class="radio" score="0" optionID="2">
				<pageText class="radio-label">
					<![CDATA[Australia]]>
				</pageText>
				<feedback>
					<title />
					<content>
						<![CDATA[]]>
					</content>
				</feedback>
			</option>
			<option id="3" class="radio" score="0" optionID="3">
				<pageText class="radio-label">
					<![CDATA[New Zealand]]>
				</pageText>
				<feedback>
					<title />
					<content>
						<![CDATA[]]>
					</content>
				</feedback>
			</option>
			<option id="4" class="radio" score="0" optionID="4">
				<pageText class="radio-label">
					<![CDATA[Canada]]>
				</pageText>
				<feedback>
					<title />
					<content>
						<![CDATA[]]>
					</content>
				</feedback>
			</option>
		</optionGroup>
		
		<feedbacks>
			<feedback fbType="INCORRECT" class="col5 row4 l4 t4">
				<title>
					<![CDATA[Not quite.]]>
				</title>
				<content>
					<![CDATA[<br>The Five Eyes program includes the United States, the United Kingdom, Australia, New Zealand, and Canada.<br><br><span class="i-text">Select Close to proceed to the next question.</span> <br>]]>
				</content>
			</feedback>

			<feedback fbType="CORRECT" class="col5 row4 l4 t4">
				<title>
					<![CDATA[That’s correct.]]>
				</title>
				<content>
					<![CDATA[<br>The Five Eyes program includes the United States, the United Kingdom, Australia, New Zealand, and Canada. <br><br><span class="i-text">Select Close to proceed to the next question.</span> <br><br>]]>
				</content>
			</feedback>
		</feedbacks>
	</activity>
	
   
   <activity type="MCQ" questionId="MCQ_2" totalAttempts="1" correctAnswer="3" fbType="CORRECTINCORRECT" immediateFeedback="true" displayTickCross="true" class="radio-groups-container" showFeedbackPopup="true" scorable="false" tickCrossTrigger="submit" tickcrosstype="compact" hasResetBtn="true" trigger="" mandatory="false">
		<pageTexts>
			<pageText id="question_num">
				<![CDATA[2.]]>
			</pageText>
			<pageText id="question" class="question">
				<![CDATA[Which organization would be a logical candidate to approach if it were decided that an expansion of the Five Eyes program would be desirable?]]>
			</pageText>
		</pageTexts>
	
				<optionGroup id="1" class="radio-container">
			<option id="1" class="radio" score="0" optionID="1">
				<pageText class="radio-label">
					<![CDATA[The U.S. Secret Service]]>
				</pageText>
				<feedback>
					<title />
					<content>
						<![CDATA[]]>
					</content>
				</feedback>
			</option>
			<option id="2" class="radio" score="0" optionID="2">
				<pageText class="radio-label">
					<![CDATA[The United Nations]]>
				</pageText>
				<feedback>
					<title />
					<content>
						<![CDATA[]]>
					</content>
				</feedback>
			</option>
			<option id="3" class="radio" score="1" optionID="3">
				<pageText class="radio-label">
					<![CDATA[The North Atlantic Treaty Organization (NATO)]]>
				</pageText>
				<feedback>
					<title />
					<content>
						<![CDATA[]]>
					</content>
				</feedback>
			</option>
			<option id="4" class="radio" score="0" optionID="4">
				<pageText class="radio-label">
					<![CDATA[The International Telecommunication Union (ITU)]]>
				</pageText>
				<feedback>
					<title />
					<content>
						<![CDATA[]]>
					</content>
				</feedback>
			</option>
		</optionGroup>
		
		<feedbacks>
			<feedback fbType="INCORRECT" class="col5 row4 l4 t4">
				<title>
					<![CDATA[Not quite.]]>
				</title>
				<content>
					<![CDATA[<br>NATO would seem to be the most logical candidate, because its member countries already have treaties and agreements in place to share information with other nation-states. This is demonstrated by the alliance's recent establishment of an Emerging Security Challenges Division to focus on risks such as cybersecurity.<br><br><span class="i-text">Select Restart Quiz to retry the activity.</span><br>]]>
				</content>
			</feedback>

			<feedback fbType="CORRECT" class="col6 row6 l4 t4">
				<title>
					<![CDATA[That’s correct.]]>
				</title>
				<content>
					<![CDATA[<br>NATO would seem to be the most logical candidate, because its member countries already have treaties and agreements in place to share information with other nation-states. This is demonstrated by the alliance's recent establishment of an Emerging Security Challenges Division to focus on risks such as cybersecurity.<br><br><span class="i-text">Select Restart Quiz to retry the activity.</span><br>]]>
				</content>
			</feedback>
		</feedbacks>
	</activity>
	
	
	
	
	
	
	
	
	
	
	
	
	<component type="ClickAndReveal" componentID="comp_1" class="cnr-btn" popupConfigID=""></component>
 	<component type="ClickAndReveal" componentID="comp_2" class="cnr-btn" popupConfigID=""></component>
 	
</data>