<?xml version="1.0" encoding="utf-8" standalone="yes"?>
<data>
	<pageText id="txt_title_1"><![CDATA[Microsoft Internet Safety and Anti-Piracy Efforts<br>]]></pageText>
	<pageText id="txt_1"><![CDATA[In a recent assessment of its work, Microsoft reported on many of its past and future Internet safety-related efforts in the areas of product development and cybersecurity awareness. <br><br><span class="i-text">Select each slide to learn more.</span><br>]]></pageText>
	
	
	<pageText id="imglabel1"><![CDATA[Slide 1]]></pageText>
	<pageText id="imglabel2"><![CDATA[Slide 2]]></pageText>
	<pageText id="imglabel3"><![CDATA[Slide 3]]></pageText>
	<pageText id="imglabel4"><![CDATA[Slide 4]]></pageText>
	<pageText id="imglabel5"><![CDATA[Slide 5]]></pageText>
	<pageText id="imglabel6"><![CDATA[Slide 6]]></pageText>
	<pageText id="imglabel7"><![CDATA[Slide 7]]></pageText>
	<pageText id="imglabel8"><![CDATA[Slide 8]]></pageText>
	
	
	<pageText id="head1"><![CDATA[Slide 1]]></pageText>
	<pageText id="head2"><![CDATA[Slide 2]]></pageText>
	<pageText id="head3"><![CDATA[Slide 3]]></pageText>
	<pageText id="head4"><![CDATA[Slide 4]]></pageText>
	<pageText id="head5"><![CDATA[Slide 5]]></pageText>
	<pageText id="head6"><![CDATA[Slide 6]]></pageText>
	<pageText id="head7"><![CDATA[Slide 7]]></pageText>
	<pageText id="head8"><![CDATA[Slide 8]]></pageText>
	
	
	
	
	
	<pageText id="txt_Popup1"><![CDATA[Microsoft improved its Internet browser security functionality so users are better-equipped to protect their privacy from malware. Microsoft also ensured that privacy-protecting features were built into its Kinect for Xbox360 so sensitive user information gathered by the device cannot be misused (Burt, 2011).<br><br><span class="reference">Reference: Burt, D. (2011, October 5). Microsoft 2011 citizenship report: Privacy & safety. <i>Microsoft Privacy & Safety</i>. Retrieved from http://blogs.technet.com/b/privacyimperative/archive/2011/10/05/microsoft-2011-citizenship-report-privacy-amp-safety.aspx</span><br>]]></pageText>
	<pageText id="txt_Popup2"><![CDATA[Microsoft assisted in the development and implementation of technology by Facebook and other online service providers to remove child pornography images from the Internet. It has also implemented new internal privacy standards for employees to foster the integration of privacy in all organizational processes (Burt, 2011). <br>  <br><span class="reference">Reference: Burt, D. (2011, October 5). Microsoft 2011 citizenship report: Privacy & safety. <i>Microsoft Privacy & Safety</i>. Retrieved from http://blogs.technet.com/b/privacyimperative/archive/2011/10/05/microsoft-2011-citizenship-report-privacy-amp-safety.aspx</span><br>]]></pageText>
	<pageText id="txt_Popup3"><![CDATA[In the area of cybersecurity, Microsoft's Digital Crimes Unit helped to take down a botnet that was operating with more than a million malware-infected computers. The unit has also provided assistance and tools to global computer emergency response teams to remove malware from infected computers. Microsoft continues to support foreign governments' efforts to fight cybercrime (Burt, 2011). <br>  <br><span class="reference">Reference: Burt, D. (2011, October 5). Microsoft 2011 citizenship report: Privacy & safety.<i> Microsoft Privacy & Safety</i>. Retrieved from http://blogs.technet.com/b/privacyimperative/archive/2011/10/05/microsoft-2011-citizenship-report-privacy-amp-safety.aspx</span><br>]]></pageText>
	<pageText id="txt_Popup4"><![CDATA[Microsoft assisted the European Commission by helping to create 2CENTRE, which will support European cybercrimefighting efforts. In addition, Microsoft has created the Digital Crimes Community Portal, which is used by law enforcement agencies to fight cybercrime (Burt, 2011). <br>  <br><span class="reference">Reference: Burt, D. (2011, October 5). Microsoft 2011 citizenship report: Privacy & safety. <i>Microsoft Privacy & Safety</i>. Retrieved from http://blogs.technet.com/b/privacyimperative/archive/2011/10/05/microsoft-2011-citizenship-report-privacy-amp-safety.aspx</span><br>]]></pageText>
	<pageText id="txt_Popup5"><![CDATA[Microsoft has continued to foster cybercrime awareness with policymakers and multilateral organizations like the Organization for Economic Co-Operation and Development (OECD) and the Council of Europe so that member countries can understand the rising need for legal frameworks and comprehensive legislative tools that will support their mutual anti-cybercrime efforts (Burt, 2011).<br>  <br><span class="reference">Reference: Burt, D. (2011, October 5). Microsoft 2011 citizenship report: Privacy & safety.<i> Microsoft Privacy & Safety</i>. Retrieved from http://blogs.technet.com/b/privacyimperative/archive/2011/10/05/microsoft-2011-citizenship-report-privacy-amp-safety.aspx</span><br>]]></pageText>
	<pageText id="txt_Popup6"><![CDATA[Microsoft continues to support cybersafety and data privacy through its Web portals. It also sponsors National Cyber Security Awareness Month, Safer Internet Day, and Data Privacy Day, and works with educational institutions to host Family Online Safety Nights (Burt, 2011).<br>  <br><span class="reference">Reference: Burt, D. (2011, October 5). Microsoft 2011 citizenship report: Privacy & safety. <i>Microsoft Privacy & Safety</i>. Retrieved from http://blogs.technet.com/b/privacyimperative/archive/2011/10/05/microsoft-2011-citizenship-report-privacy-amp-safety.aspx<br>]]></pageText>
	<pageText id="txt_Popup7"><![CDATA[In order to develop a global solution to cybersecurity problems, Microsoft has partnered with public and private organizations to address the threat of piracy. Microsoft compiles its global enforcement actions against piracy into an interactive map, available at http://www.microsoft.com/presspass/presskits/antipiracy/interactiveMap.aspx (Microsoft, 2012).<br>  <br><span class="reference">Reference: Microsoft. (2012). Global Play Fair Day virtual presskit. <i>Microsoft News Center</i>. Retrieved from http://www.microsoft.com/presspass/presskits/antipiracy/interactiveMap.aspx</span><br>]]></pageText>
	<pageText id="txt_Popup8"><![CDATA[Microsoft's public awareness efforts have met with some success, as was demonstrated in 2007, when Microsoft customers assisted the company by using reporting tools to provide legal evidence that was used to build a case against a global software counterfeiting group based in China (Microsoft, 2007).<br>  <br><span class="reference">Reference: Microsoft. (2007, July 24). Raids in southern China target $2 billion global software counterfeiting syndicate.<i> Microsoft News Center</i>. Retrieved from http://www.microsoft.com/presspass/press/2007/jul07/07-24CounterfeitingSyndicatePR.mspx</span><br>]]></pageText>
	
	
	
 
	<component type="ClickAndReveal" componentID="comp_1" class="cnr-btn" popupConfigID="" defaultTabIndex="0"></component>
	 
</data>