﻿<?xml version="1.0" encoding="utf-8" standalone="yes"?>
<data>
    <pageText id="txt_title_1"><![CDATA[Symantec's Initiatives<br>]]></pageText>
    <pageText id="txt_1"><![CDATA[Other security product vendors have also joined forces with national groups to assist with cybersecurity issues. Symantec's commitment to close cooperation with the National Cyber-Forensics & Training Alliance (NCFTA) demonstrates how public-private partnerships can offer critical advantages in providing improved cybersecurity (Symantec, 2006). The NCFTA believes that collocating cybersecurity defense resources willassist participants by building trust and increasing the likelihood of resource sharing. As a nonprofit corporation, the NCFTA has addressed the issues of cybercrime by facilitating the cooperation of global experts from all sectors (NCFTA, 2010). <br><br>The alliance currently performs its duties through six initiatives that focus on the cybersecurity areas of Internet fraud alert, malware and botnet, pharmacy, phishing, e-commerce-related shipping, andfinancial services (NCFTA, 2010).<br><br>Symantec has committed to participating in alliance-related initiatives through its global sponsorships of threat awareness initiatives, cybercrime investigation conferences, and internships with NCFTA.<br><br><span class="reference">References:<br>National Cyber-Forensics & Training Alliance (NCFTA). (2010).About the NCFTA. Retrieved from http://www.ncfta.net/about-ncfta<br><br>Symantec. (2006, November 13). Symantec phish report network opens to consumers worldwide; National Cyber-Forensics and Training Alliance joins Symantec’s leading antifraud community, distributing data to law enforcement officials. [Press release]. Retrieved from http://www.symantec.com/about/news/release/article.jsp?prid=20061113_02</span><br>]]></pageText>
 
</data>