<?xml version="1.0" encoding="utf-8" standalone="yes"?>
<data>
	<pageText id="txt_title_1"><![CDATA[Intel's Purchase of McAfee<br>]]></pageText>
	<pageText id="txt_1"><![CDATA[While software companies like Microsoft and Symantec have been partnering for knowledge sharing, some hardware vendors have been proactively investing in cybersecurity defenses to make their products more valuable in the future. In 2010, Intel purchased McAfee, a security software company, to change its strategic focus from that of an energy-efficient performance and Internet connectivity company to one that now includes security as a critical component. <br><br>Intel expects rapid and explosive expansion of Internet-connected devices and an increasing dependence on wireless mobility. It feels that having the expertise provided by McAfee will allow it to meet the challenges presented by this technologically complex environment. According to Intel, this environment will require a new model for protection.It will require the development of new hardware, software, and services in order to provide Intel's customers with a more secure online experience(Intel, 2011).<br><br><span class="reference">Reference: Greenberg, S. (2011, February 28). Intel completes acquisition of McAfee. [Press release].<i> Intel Newsroom</i>. Retrieved from http://newsroom.intel.com/community/intel_newsroom/blog/2011/02/28/intel-completes-acquisition-of-mcafee</span><br><br> ]]></pageText>
	<pageText id="txt_2"><![CDATA[Given the nature of the Smart Grid-related devices that are in development, it would appear that Intel's move to acquire McAfee places it in a critical position to build security proactively within this ubiquitous Internet-connected equipment.<br> ]]></pageText>
	 
</data>