<?xml version="1.0" encoding="utf-8" standalone="yes"?>
<data>
	<pageText id="txt_title_1"><![CDATA[Jack's Update 3]]></pageText>
	<pageText id="txt_1"><![CDATA[Select the e-mail icon to read the update. Then, answer a few questions by clicking the Activity button.<br>]]></pageText>
	
	  
	<pageText id="txt_Popup1"><![CDATA[From:<br>To:<br>Subject: <br><br><div class="nmvalue">Jack Snow<br>Mary Lewis<br>Cybersecurity Project—Update 3 <br><br></div><div class="divscrool">Hi Mary,<br><br>For the past two decades or more, industry experts and observers have tried to understand which commercial off-the-shelf (COTS) software products from various vendors are more secure than others. Some industry giants are working hard to make their systems more secure and to simultaneously be part of private-sector efforts that deal with Internet safety, anti-piracy, anti-child pornography, and other efforts to help all users develop safe computing practices.<br><br>Regards,Jack <br></div>]]></pageText>
	 
	<pageText id="txt_Popup2"><![CDATA[<br>Incremental deployment can incorporate the pilot rollout option and allow for a more deliberate rollout to the organization at large. The incremental rollout method is especially useful when a policy may still have flaws that could be damaging to the organization.<br>]]></pageText>
	
	<pageText id="activity_itext"><![CDATA[Select the correct option and click Submit.]]></pageText>
	
	<pageText id="activity_heading"><![CDATA[<b>Activity</b>]]></pageText>
	
	<activity type="MCQ" questionId="MCQ_1" totalAttempts="1" correctAnswer="2" fbType="CORRECTINCORRECT" immediateFeedback="true" displayTickCross="true" class="radio-groups-container" showFeedbackPopup="true" scorable="false" tickCrossTrigger="submit" tickcrosstype="compact" hasResetBtn="false" trigger="MCQ_2" mandatory="false">
		<pageTexts>
			<pageText id="question_num">
				<![CDATA[1.]]>
			</pageText>
			<pageText id="question" class="question">
				<![CDATA[Which of the following is a private-sector organization that works to protect the global online economy?]]>
			</pageText>
		</pageTexts>
	
		<optionGroup id="1" class="radio-container">
			<option id="1" class="radio" score="0" optionID="1">
				<pageText class="radio-label">
					<![CDATA[International Chamber of Commerce ]]>
				</pageText>
				<feedback>
					<title />
					<content>
						<![CDATA[]]>
					</content>
				</feedback>
			</option>
			<option id="2" class="radio" score="1" optionID="2">
				<pageText class="radio-label">
					<![CDATA[The Global Business Dialogue on e-Society]]>
				</pageText>
				<feedback>
					<title />
					<content>
						<![CDATA[]]>
					</content>
				</feedback>
			</option>
			<option id="3" class="radio" score="0" optionID="3">
				<pageText class="radio-label">
					<![CDATA[The Federal Bureau of Investigation]]>
				</pageText>
				<feedback>
					<title />
					<content>
						<![CDATA[]]>
					</content>
				</feedback>
			</option>
			<option id="4" class="radio" score="0" optionID="4">
				<pageText class="radio-label">
					<![CDATA[The International Telecommunication Union]]>
				</pageText>
				<feedback>
					<title />
					<content>
						<![CDATA[]]>
					</content>
				</feedback>
			</option>
		</optionGroup>
		
		<feedbacks>
			<feedback fbType="INCORRECT" class="col7 row6 l4 t4">
				<title>
					<![CDATA[Not quite.]]>
				</title>
				<content>
					<![CDATA[<br>The Global Business Dialogue on e-Society is a private-sector organization that works to protect the global online economy.<br><br>The International Chamber of Commerce (ICC) is focused on promoting commerce on a worldwide basis. The FBI mission deals with counter-terrorism activities and complex domestic crimes. The ITU is a standard setting body.<br><br><span class="i-text">Select Close to proceed to the next question.</span> <br>]]>
				</content>
			</feedback>

			<feedback fbType="CORRECT" class="col7 row6 l4 t4">
				<title>
					<![CDATA[That’s correct.]]>
				</title>
				<content>
					<![CDATA[<br>The Global Business Dialogue on e-Society is a private-sector organization that works to protect the global online economy.<br><br>The International Chamber of Commerce (ICC) is focused on promoting commerce on a worldwide basis. The FBI mission deals with counter-terrorism activities and complex domestic crimes. The ITU is a standard setting body.<br><br><span class="i-text">Select Close to proceed to the next question.</span> <br><br>]]>
				</content>
			</feedback>
		</feedbacks>
	</activity>
	
   
    <activity type="MCQ" questionId="MCQ_2" totalAttempts="1" correctAnswer="4" fbType="CORRECTINCORRECT" immediateFeedback="true" displayTickCross="true" class="radio-groups-container" showFeedbackPopup="true" scorable="false" tickCrossTrigger="submit" tickcrosstype="compact" hasResetBtn="false" trigger="MCQ_3" mandatory="false">
		<pageTexts>
			<pageText id="question_num">
				<![CDATA[2.]]>
			</pageText>
			<pageText id="question" class="question">
				<![CDATA[Which country is not involved in a cybersecurity-related mutual legal assistance treaty with the United States?]]>
			</pageText>
		</pageTexts>
	
				<optionGroup id="1" class="radio-container">
			<option id="1" class="radio" score="0" optionID="1">
				<pageText class="radio-label">
					<![CDATA[Australia]]>
				</pageText>
				<feedback>
					<title />
					<content>
						<![CDATA[]]>
					</content>
				</feedback>
			</option>
			<option id="2" class="radio" score="0" optionID="2">
				<pageText class="radio-label">
					<![CDATA[Germany]]>
				</pageText>
				<feedback>
					<title />
					<content>
						<![CDATA[]]>
					</content>
				</feedback>
			</option>
			<option id="3" class="radio" score="0" optionID="3">
				<pageText class="radio-label">
					<![CDATA[Poland]]>
				</pageText>
				<feedback>
					<title />
					<content>
						<![CDATA[]]>
					</content>
				</feedback>
			</option>
			<option id="4" class="radio" score="1" optionID="4">
				<pageText class="radio-label">
					<![CDATA[North Korea ]]>
				</pageText>
				<feedback>
					<title />
					<content>
						<![CDATA[]]>
					</content>
				</feedback>
			</option>
		</optionGroup>
		
		<feedbacks>
			<feedback fbType="INCORRECT" class="col7 row6 l4 t4">
				<title>
					<![CDATA[Not quite.]]>
				</title>
				<content>
					<![CDATA[<br>The United States does not have an MLAT with North Korea.<br><br>North Korea has for many decades been an adversary of the United States and many of its allies; especially, Japan. It is highly unlikely that that an MLAT will be established with this Communist nation until its government stops its nuclear weapons development program and/or there is a change of government.<br><br><span class="i-text">Select Close to proceed to the next question.</span><br>]]>
				</content>
			</feedback>

			<feedback fbType="CORRECT" class="col7 row6 l4 t4">
				<title>
					<![CDATA[That’s correct.]]>
				</title>
				<content>
					<![CDATA[<br>The United States does not have an MLAT with North Korea.<br><br>North Korea has for many decades been an adversary of the United States and many of its allies; especially, Japan. It is highly unlikely that that an MLAT will be established with this Communist nation until its government stops its nuclear weapons development program and/or there is a change of government.<br><br><span class="i-text">Select Close to proceed to the next question.</span><br>]]>
				</content>
			</feedback>
		</feedbacks>
	</activity>
	
	
	 
   <activity type="MCQ" questionId="MCQ_3" totalAttempts="1" correctAnswer="3" fbType="CORRECTINCORRECT" immediateFeedback="true" displayTickCross="true" class="radio-groups-container" showFeedbackPopup="true" scorable="false" tickCrossTrigger="submit" tickcrosstype="compact" hasResetBtn="false" trigger="MCQ_4" mandatory="false">
		<pageTexts>
			<pageText id="question_num">
				<![CDATA[3.]]>
			</pageText>
			<pageText id="question" class="question">
				<![CDATA[Which organization did DHS establish in 2007 to study potential cybersecurity risks among various organizations in different industries?]]>
			</pageText>
		</pageTexts>
	
				<optionGroup id="1" class="radio-container">
			<option id="1" class="radio" score="0" optionID="1">
				<pageText class="radio-label">
					<![CDATA[CERT/CC ]]>
				</pageText>
				<feedback>
					<title />
					<content>
						<![CDATA[]]>
					</content>
				</feedback>
			</option>
			<option id="2" class="radio" score="0" optionID="2">
				<pageText class="radio-label">
					<![CDATA[NIST]]>
				</pageText>
				<feedback>
					<title />
					<content>
						<![CDATA[]]>
					</content>
				</feedback>
			</option>
			<option id="3" class="radio" score="1" optionID="3">
				<pageText class="radio-label">
					<![CDATA[CSCSWG]]>
				</pageText>
				<feedback>
					<title />
					<content>
						<![CDATA[]]>
					</content>
				</feedback>
			</option>
			<option id="4" class="radio" score="0" optionID="4">
				<pageText class="radio-label">
					<![CDATA[The Energy ISAC]]>
				</pageText>
				<feedback>
					<title />
					<content>
						<![CDATA[]]>
					</content>
				</feedback>
			</option>
		</optionGroup>
		
		<feedbacks>
			<feedback fbType="INCORRECT" class="col7 row6 l4 t4">
				<title>
					<![CDATA[Not quite.]]>
				</title>
				<content>
					<![CDATA[<br>The Cross-Sector Cyber Security Working Group (CSCSWG) was established to study potential cybersecurity risks among various organizations in different industries.<br><br>By taking such a cross-sector approach to cybersecurity the organization is able to identify specific threats that face companies in the sector. In addition, this effort may also examine potential vulnerabilities that are applicable to more than one individual industry. <br><br><span class="i-text">Select Close to proceed to the next question.</span><br>]]>
				</content>
			</feedback>

			<feedback fbType="CORRECT" class="col7 row6 l4 t4">
				<title>
					<![CDATA[That’s correct.]]>
				</title>
				<content>
					<![CDATA[<br>The Cross-Sector Cyber Security Working Group (CSCSWG) was established to study potential cybersecurity risks among various organizations in different industries.<br><br>By taking such a cross-sector approach to cybersecurity the organization is able to identify specific threats that face companies in the sector. In addition, this effort may also examine potential vulnerabilities that are applicable to more than one individual industry. <br><br><span class="i-text">Select Close to proceed to the next question.</span><br>]]>
				</content>
			</feedback>
		</feedbacks>
	</activity>
	
	
	 
   <activity type="MCQ" questionId="MCQ_4" totalAttempts="1" correctAnswer="4" fbType="CORRECTINCORRECT" immediateFeedback="true" displayTickCross="true" class="radio-groups-container" showFeedbackPopup="true" scorable="false" tickCrossTrigger="submit" tickcrosstype="compact" hasResetBtn="true" trigger="" mandatory="false">
		<pageTexts>
			<pageText id="question_num">
				<![CDATA[4.]]>
			</pageText>
			<pageText id="question" class="question">
				<![CDATA[The Energy Independence and Security Act of 2007 assigned responsibility for the Smart Grid Working Group to which federal government entity?]]>
			</pageText>
		</pageTexts>
	
				<optionGroup id="1" class="radio-container">
			<option id="1" class="radio" score="0" optionID="1">
				<pageText class="radio-label">
					<![CDATA[DoD]]>
				</pageText>
				<feedback>
					<title />
					<content>
						<![CDATA[]]>
					</content>
				</feedback>
			</option>
			<option id="2" class="radio" score="0" optionID="2">
				<pageText class="radio-label">
					<![CDATA[USSS]]>
				</pageText>
				<feedback>
					<title />
					<content>
						<![CDATA[]]>
					</content>
				</feedback>
			</option>
			<option id="3" class="radio" score="0" optionID="3">
				<pageText class="radio-label">
					<![CDATA[DHS]]>
				</pageText>
				<feedback>
					<title />
					<content>
						<![CDATA[]]>
					</content>
				</feedback>
			</option>
			<option id="4" class="radio" score="1" optionID="4">
				<pageText class="radio-label">
					<![CDATA[NIST]]>
				</pageText>
				<feedback>
					<title />
					<content>
						<![CDATA[]]>
					</content>
				</feedback>
			</option>
		</optionGroup>
		
		<feedbacks>
			<feedback fbType="INCORRECT" class="col7 row6 l4 t4">
				<title>
					<![CDATA[Not quite.]]>
				</title>
				<content>
					<![CDATA[<br>The National Institute of Standards and Technology (NIST) is charged with coordinating the Smart Grid Working Group.<br><br>This working group focuses on ways to share information about risk management techniques and the existing vulnerabilities in the Smart Grid which is largely viewed as one of the most vulnerability components of the U.S. Critical Infrastructure.<br><br><span class="i-text">Select Restart Quiz to retry the activity.</span><br>]]>
				</content>
			</feedback>

			<feedback fbType="CORRECT" class="col7 row6 l4 t4">
				<title>
					<![CDATA[That’s correct.]]>
				</title>
				<content>
					<![CDATA[<br>The National Institute of Standards and Technology (NIST) is charged with coordinating the Smart Grid Working Group.<br><br>This working group focuses on ways to share information about risk management techniques and the existing vulnerabilities in the Smart Grid which is largely viewed as one of the most vulnerability components of the U.S. Critical Infrastructure.<br><br><span class="i-text">Select Restart Quiz to retry the activity.</span><br>]]>
				</content>
			</feedback>
		</feedbacks>
	</activity>
	
	
	 
	
	
	
	<component type="ClickAndReveal" componentID="comp_1" class="cnr-btn" popupConfigID=""></component>
 	<component type="ClickAndReveal" componentID="comp_2" class="cnr-btn" popupConfigID=""></component>
 	
</data>